gender,churn,monthly_bill_capped,internet_usage_gb_capped,call_minutes_capped,support_tickets_capped,tenure_months,financial_risk,education_level_encoded,contract_type_encoded,emp_Employed,emp_Retired,emp_Self-Employed,emp_Student,emp_Unemployed,feedback_category,count_billing,count_support,count_helpful,count_poor,count_expensive,count_unreliable,count_happy,count_satisfied,count_drops,count_slow,monthly_income_scaled,age_scaled,anomaly_pay_not_use,anomaly_happy_leaver,anomaly_genz_call_enthusiast,city_Faisalabad,city_Gujranwala,city_Hyderabad,city_Islamabad,city_Karachi,city_Lahore,city_Multan,city_Peshawar,city_Quetta,city_Rawalpindi,city_Sialkot
1,0,10049.0,5.8,52.0,1,91,0,2,1,True,False,False,False,False,1,0,0,0,1,0,0,0,0,0,0,0.5541368421052631,0.7580645161290323,0,0,0,0,0,0,0,0,0,1,0,0,0,0
0,0,2752.0,11.9,22.0,2,91,0,3,1,True,False,False,False,False,0,0,0,0,0,0,0,0,0,0,0,0.13902105263157893,0.06451612903225806,0,0,0,0,0,0,0,0,0,0,1,0,0,0
1,0,3155.0,40.0,87.0,0,91,0,1,0,True,False,False,False,False,0,0,0,0,0,0,0,0,0,0,0,0.085,0.4032258064516129,0,0,0,0,1,0,0,0,0,0,0,0,0,0
1,0,5859.0,8.5,147.0,2,90,0,1,1,True,False,False,False,False,2,0,1,1,0,0,0,0,0,0,0,0.3567368421052632,0.04838709677419355,0,0,0,0,0,0,0,0,1,0,0,0,0,0
0,0,5106.0,3.3,183.0,0,90,0,0,2,True,False,False,False,False,1,0,0,0,1,0,0,0,0,0,0,0.13131578947368422,0.3064516129032258,0,0,0,0,0,1,0,0,0,0,0,0,0,0
0,1,6663.0,23.8,88.0,3,90,0,2,0,True,False,False,False,False,2,0,1,1,0,0,0,0,0,0,0,0.3296210526315789,0.3709677419354839,0,0,0,0,0,0,0,0,0,0,0,0,0,1
0,0,6146.0,18.2,218.0,0,90,0,4,0,False,False,False,False,True,2,0,1,1,0,0,0,0,0,0,0,0.5071684210526316,0.6290322580645161,0,0,0,0,0,0,0,0,0,1,0,0,0,0
1,0,2786.0,2.4,63.0,1,90,0,2,2,False,False,False,True,False,1,0,0,0,0,0,0,0,0,1,0,0.36694736842105263,0.45161290322580644,0,0,0,0,0,0,0,0,0,0,0,0,0,1
1,0,5096.0,28.0,87.0,2,90,0,0,2,True,False,False,False,False,2,0,1,1,0,0,0,0,0,0,0,0.16901052631578947,0.22580645161290322,0,0,0,0,0,0,0,0,0,0,0,1,0,0
1,0,4939.0,9.2,227.0,0,90,0,1,0,False,False,True,False,False,0,0,0,0,0,1,0,0,0,0,0,0.34023157894736844,0.3709677419354839,0,0,0,0,0,0,0,0,0,0,0,0,1,0
0,0,2120.0,15.3,307.0,1,90,0,2,2,True,False,False,False,False,2,0,1,1,0,0,0,0,0,0,0,0.13469473684210526,0.12903225806451613,0,0,1,0,0,0,0,0,0,1,0,0,0,0
1,0,6957.0,25.6,108.0,1,90,0,3,2,False,False,True,False,False,0,0,0,0,0,0,0,0,0,0,0,0.19814736842105263,0.4032258064516129,0,0,0,0,1,0,0,0,0,0,0,0,0,0
0,0,13776.125,5.8,99.0,1,90,0,0,1,False,False,False,True,False,3,0,0,0,0,0,0,0,0,0,0,0.2923368421052632,0.7419354838709677,0,0,0,0,0,1,0,0,0,0,0,0,0,0
0,0,2312.0,20.4,268.0,0,90,0,3,0,False,False,False,False,True,1,0,0,0,0,0,0,0,0,0,1,0.22028421052631578,0.6774193548387096,0,0,0,0,0,0,0,0,0,0,0,1,0,0
1,0,4911.0,30.8,116.0,1,90,0,3,2,False,True,False,False,False,1,0,0,0,0,0,1,0,0,0,0,0.3434421052631579,0.41935483870967744,0,0,0,0,0,0,0,1,0,0,0,0,0,0
0,0,3417.0,7.4,260.0,2,90,0,2,1,False,False,True,False,False,0,0,0,0,0,0,0,0,0,0,0,0.25192631578947366,0.12903225806451613,0,0,1,0,0,0,0,0,0,1,0,0,0,0
0,1,12059.0,12.0,148.0,2,90,0,3,2,True,False,False,False,False,0,0,0,0,0,0,0,0,0,0,0,0.2102315789473684,0.6290322580645161,0,0,0,0,0,0,0,1,0,0,0,0,0,0
1,1,4597.0,27.5,257.0,1,90,0,2,0,False,False,False,False,True,3,0,0,0,0,0,0,0,0,0,0,0.12977894736842105,0.6129032258064516,0,0,0,0,0,0,0,0,0,0,0,0,0,1
0,0,2235.0,19.8,223.0,0,90,0,1,2,False,False,True,False,False,1,0,0,0,0,0,0,0,0,1,0,0.2579157894736842,0.06451612903225806,0,0,1,0,0,0,0,0,0,0,0,0,0,1
1,1,11195.0,18.6,146.0,2,90,0,2,0,True,False,False,False,False,3,0,0,0,0,0,0,0,0,0,0,0.13082105263157895,0.7741935483870968,0,0,0,1,0,0,0,0,0,0,0,0,0,0
1,1,3617.0,50.099999999999994,195.0,2,90,0,1,0,True,False,False,False,False,1,0,0,0,0,0,0,0,0,0,1,0.1619157894736842,0.11290322580645161,0,0,1,0,0,0,0,0,0,0,1,0,0,0
1,0,3166.0,23.8,75.0,0,90,0,2,0,False,False,False,True,False,1,0,0,0,1,0,0,0,0,0,0,0.2412421052631579,0.7096774193548387,0,0,0,0,0,1,0,0,0,0,0,0,0,0
0,0,7508.0,8.4,185.0,0,90,0,2,2,True,False,False,False,False,3,0,0,0,0,0,0,0,0,0,0,0.23937894736842105,0.0,0,0,1,0,0,0,0,0,1,0,0,0,0,0
0,0,5058.0,19.7,39.0,2,90,0,1,2,False,False,False,True,False,0,0,0,0,0,1,0,0,0,0,0,0.17185263157894737,0.1774193548387097,0,0,0,0,1,0,0,0,0,0,0,0,0,0
0,0,5873.0,16.9,106.0,0,90,0,0,1,False,False,False,False,True,0,0,0,0,0,0,0,0,0,0,0,0.1299578947368421,0.0967741935483871,0,0,0,0,0,1,0,0,0,0,0,0,0,0
1,0,1852.0,11.6,172.0,0,90,0,3,2,False,False,True,False,False,1,0,0,0,1,0,0,0,0,0,0,0.205,0.3064516129032258,0,0,0,0,0,0,0,0,0,1,0,0,0,0
1,0,4264.0,7.1,136.0,1,90,0,2,1,True,False,False,False,False,0,0,0,0,0,0,0,0,0,0,0,0.042305263157894735,0.7096774193548387,0,0,0,0,0,1,0,0,0,0,0,0,0,0
1,0,3117.0,20.8,39.0,0,90,0,1,0,True,False,False,False,False,2,0,1,1,0,0,0,0,0,0,0,0.2461263157894737,0.08064516129032258,0,0,0,0,0,0,0,0,1,0,0,0,0,0
1,1,5474.0,6.8,141.0,2,90,0,3,0,True,False,False,False,False,3,0,0,0,0,0,0,0,0,0,0,0.2776736842105263,0.3870967741935484,0,0,0,0,1,0,0,0,0,0,0,0,0,0
0,0,13776.125,17.8,149.0,1,90,0,4,2,False,False,False,True,False,3,0,0,0,0,0,0,0,0,0,0,0.4722421052631579,0.7741935483870968,0,0,0,0,1,0,0,0,0,0,0,0,0,0
0,0,4120.0,21.0,186.0,0,90,0,1,0,False,False,True,False,False,2,0,1,1,0,0,0,0,0,0,0,0.20211578947368422,0.0,0,0,1,0,0,0,1,0,0,0,0,0,0,0
0,1,5912.0,26.7,375.0,2,90,0,2,1,True,False,False,False,False,1,0,0,0,0,0,0,0,0,1,0,0.09136842105263158,0.5483870967741935,0,0,0,0,0,0,0,0,1,0,0,0,0,0
0,0,2788.0,3.8,137.0,0,90,0,3,2,True,False,False,False,False,1,0,0,0,0,0,1,0,0,0,0,0.39331578947368423,0.14516129032258066,0,0,0,0,0,0,0,0,0,0,0,0,1,0
1,0,7204.0,45.0,210.0,2,89,0,1,2,True,False,False,False,False,0,0,0,0,0,1,0,0,0,0,0,0.38506315789473683,0.22580645161290322,0,0,0,0,1,0,0,0,0,0,0,0,0,0
1,1,2725.0,33.3,135.0,3,89,0,1,1,False,False,False,True,False,1,0,0,0,0,0,0,0,0,0,1,0.3563368421052632,0.6129032258064516,0,0,0,0,0,0,0,0,0,0,0,1,0,0
0,0,4511.0,14.4,69.0,0,89,0,1,1,True,False,False,False,False,1,0,0,0,0,0,1,0,0,0,0,0.16565263157894736,0.06451612903225806,0,0,0,0,0,0,0,0,0,0,0,0,0,1
0,0,4865.0,18.3,196.0,0,89,0,2,2,True,False,False,False,False,2,0,1,1,0,0,0,0,0,0,0,0.5260421052631579,0.7419354838709677,0,0,0,0,0,0,0,0,0,0,0,0,0,1
1,0,4270.0,47.7,218.0,1,89,0,3,2,False,False,False,True,False,1,0,0,0,1,0,0,0,0,0,0,0.29702105263157896,0.14516129032258066,0,0,1,0,0,0,0,0,0,0,0,0,1,0
0,0,5740.0,37.3,88.0,1,89,0,4,2,True,False,False,False,False,3,0,0,0,0,0,0,0,0,0,0,0.4727789473684211,0.3709677419354839,0,0,0,0,0,0,0,0,0,0,0,0,0,1
1,1,6880.0,17.0,66.0,2,89,0,1,0,True,False,False,False,False,1,0,0,0,0,0,1,0,0,0,0,0.16746315789473684,0.5645161290322581,0,0,0,1,0,0,0,0,0,0,0,0,0,0
1,0,5164.0,12.7,51.0,0,89,0,3,1,True,False,False,False,False,3,0,0,0,0,0,0,0,0,0,0,0.5206842105263157,0.04838709677419355,0,0,0,0,0,1,0,0,0,0,0,0,0,0
0,0,5183.0,16.4,177.0,0,89,0,1,0,False,False,True,False,False,1,0,0,0,0,0,1,0,0,0,0,0.032105263157894734,0.12903225806451613,0,0,1,0,0,1,0,0,0,0,0,0,0,0
1,0,5374.0,12.2,278.0,1,89,0,3,1,False,False,True,False,False,3,0,0,0,0,0,0,0,0,0,0,0.5789473684210527,0.3064516129032258,0,0,0,0,0,0,0,0,0,1,0,0,0,0
1,0,6495.0,9.2,230.0,0,89,0,3,2,False,False,True,False,False,1,0,0,0,0,0,1,0,0,0,0,0.6546842105263158,0.7741935483870968,0,0,0,0,0,0,1,0,0,0,0,0,0,0
0,0,6235.0,24.0,256.0,1,89,0,0,1,False,False,True,False,False,1,0,0,0,0,0,0,0,0,1,0,0.4726947368421053,0.016129032258064516,0,0,1,0,0,0,0,0,0,0,0,0,1,0
0,0,2564.0,6.4,243.0,1,89,0,1,0,True,False,False,False,False,0,0,0,0,0,0,0,0,0,0,0,0.20207368421052632,0.0,0,0,1,0,1,0,0,0,0,0,0,0,0,0
0,0,3947.0,20.4,125.0,0,89,0,1,0,False,False,False,True,False,2,0,1,1,0,0,0,0,0,0,0,0.12136842105263158,0.25806451612903225,0,0,0,0,0,0,1,0,0,0,0,0,0,0
1,1,4873.0,39.4,165.0,3,89,0,3,0,True,False,False,False,False,2,0,1,1,0,0,0,0,0,0,0,0.2451157894736842,0.5,0,0,0,0,0,0,0,1,0,0,0,0,0,0
0,0,2500.0,23.5,130.0,0,89,0,1,0,True,False,False,False,False,0,0,0,0,0,0,0,0,0,0,0,0.37386315789473684,0.46774193548387094,0,0,0,0,0,0,0,0,0,0,0,1,0,0
0,0,9145.0,18.3,76.0,1,89,0,2,2,False,False,True,False,False,0,0,0,0,0,1,0,0,0,0,0,0.4520526315789474,0.7096774193548387,0,0,0,0,0,0,0,0,0,0,0,0,1,0
1,1,2961.0,2.1,333.0,1,89,0,2,0,True,False,False,False,False,0,0,0,0,0,1,0,0,0,0,0,0.4639684210526316,0.45161290322580644,0,0,0,1,0,0,0,0,0,0,0,0,0,0
1,1,4053.0,12.7,428.5,3,89,0,4,1,True,False,False,False,False,3,0,0,0,0,0,0,0,0,0,0,0.7160328947368421,0.11290322580645161,0,0,1,0,0,0,0,0,0,0,0,0,1,0
0,1,9227.0,18.7,325.0,1,89,0,1,0,True,False,False,False,False,1,0,0,0,0,0,0,0,0,0,1,0.2582736842105263,0.3709677419354839,0,0,0,0,0,0,0,0,0,0,1,0,0,0
0,1,2230.0,16.2,22.0,3,89,0,1,0,True,False,False,False,False,2,0,1,1,0,0,0,0,0,0,0,0.20057894736842105,0.16129032258064516,0,0,0,0,0,0,0,0,0,0,0,1,0,0
1,0,2309.0,50.099999999999994,80.0,2,89,0,2,2,False,False,False,False,True,1,0,0,0,0,0,0,0,0,0,1,0.1597684210526316,0.6612903225806451,0,0,0,0,0,0,0,1,0,0,0,0,0,0
1,0,4209.0,50.099999999999994,184.0,0,89,0,3,2,False,False,True,False,False,2,0,1,1,0,0,0,0,0,0,0,0.11031578947368421,0.5645161290322581,0,0,0,0,0,0,0,1,0,0,0,0,0,0
0,0,3547.0,28.6,199.0,0,89,0,4,0,False,False,False,True,False,3,0,0,0,0,0,0,0,0,0,0,0.40281052631578945,0.0,0,0,1,0,0,0,0,0,0,0,1,0,0,0
1,0,1800.0,14.2,93.0,1,89,0,1,1,False,False,False,True,False,2,0,1,1,0,0,0,0,0,0,0,0.2934842105263158,0.11290322580645161,0,0,0,0,0,0,0,0,0,0,0,0,0,1
0,1,13776.125,2.6,428.5,1,89,1,2,1,True,False,False,False,False,1,0,0,0,0,0,0,0,0,1,0,0.14842105263157895,0.3709677419354839,0,0,0,0,0,0,1,0,0,0,0,0,0,0
1,1,3324.0,15.7,196.0,2,89,0,2,0,True,False,False,False,False,1,0,0,0,1,0,0,0,0,0,0,0.020010526315789475,0.45161290322580644,0,0,0,0,0,0,1,0,0,0,0,0,0,0
1,0,2705.0,5.9,167.0,1,89,0,1,1,False,False,False,True,False,0,0,0,0,0,0,0,0,0,0,0,0.15363157894736842,0.5161290322580645,0,0,0,0,0,0,0,0,1,0,0,0,0,0
1,0,4378.0,31.8,54.0,0,89,0,1,0,True,False,False,False,False,1,0,0,0,0,0,0,0,0,0,1,0.310021052631579,0.3387096774193548,0,0,0,0,0,0,0,0,0,0,0,0,1,0
1,1,1718.0,8.8,75.0,3,89,0,1,2,True,False,False,False,False,1,0,0,0,0,0,0,0,0,0,1,0.3033578947368421,0.5806451612903226,0,0,0,0,0,0,0,0,0,0,0,0,1,0
1,0,4198.0,2.9,102.0,1,88,0,3,2,False,False,True,False,False,0,0,0,0,0,0,0,0,0,0,0,0.36953684210526316,0.5645161290322581,0,0,0,0,0,0,0,0,1,0,0,0,0,0
0,0,5901.0,6.5,309.0,1,88,0,0,2,True,False,False,False,False,3,0,0,0,0,0,0,0,0,0,0,0.7160328947368421,0.532258064516129,0,0,0,0,0,0,0,0,1,0,0,0,0,0
0,0,7572.0,25.6,169.0,0,88,0,4,0,True,False,False,False,False,1,0,0,0,0,0,0,0,0,1,0,0.19524210526315788,0.04838709677419355,0,0,1,0,0,0,0,0,0,0,0,0,0,1
0,0,13776.125,31.7,141.0,0,88,0,2,0,True,False,False,False,False,0,0,0,0,0,0,0,0,0,0,0,0.3172421052631579,0.43548387096774194,0,0,0,0,0,0,1,0,0,0,0,0,0,0
0,0,7775.0,20.2,206.0,1,88,0,2,0,False,False,False,False,True,1,0,0,0,1,0,0,0,0,0,0,0.5731894736842105,0.532258064516129,0,0,0,0,0,0,0,0,0,0,0,0,0,1
0,1,5225.0,5.0,134.0,2,88,0,2,0,True,False,False,False,False,3,0,0,0,0,0,0,0,0,0,0,0.18718947368421052,0.3064516129032258,0,0,0,0,0,0,1,0,0,0,0,0,0,0
1,1,3497.0,27.9,106.0,2,88,0,1,0,True,False,False,False,False,1,0,0,0,0,0,0,0,0,1,0,0.2793263157894737,0.43548387096774194,0,0,0,0,0,0,0,0,1,0,0,0,0,0
0,1,3132.0,45.7,195.0,2,88,0,1,0,False,False,False,True,False,3,0,0,0,0,0,0,0,0,0,0,0.1268,0.06451612903225806,0,0,1,0,0,0,0,0,0,0,1,0,0,0
1,1,9421.0,33.3,57.0,2,88,1,3,0,True,False,False,False,False,3,0,0,0,0,0,0,0,0,0,0,0.0042,0.3064516129032258,0,0,0,0,0,0,1,0,0,0,0,0,0,0
1,1,3221.0,11.8,183.0,3,88,0,3,1,True,False,False,False,False,3,0,0,0,0,0,0,0,0,0,0,0.7160328947368421,0.532258064516129,0,0,0,0,0,0,0,0,0,1,0,0,0,0
1,0,9128.0,50.099999999999994,199.0,0,88,0,0,1,True,False,False,False,False,1,0,0,0,0,0,0,0,0,1,0,0.3197684210526316,0.4838709677419355,0,0,0,0,0,1,0,0,0,0,0,0,0,0
0,0,7321.0,21.9,123.0,1,88,0,3,0,True,False,False,False,False,0,0,0,0,0,1,0,0,0,0,0,0.3812315789473684,0.5967741935483871,0,0,0,0,0,0,1,0,0,0,0,0,0,0
0,1,5488.0,4.4,142.0,3,88,0,0,0,True,False,False,False,False,3,0,0,0,0,0,0,0,0,0,0,0.1748,0.14516129032258066,0,0,0,0,0,0,0,0,1,0,0,0,0,0
0,1,5590.0,26.5,154.0,1,88,0,2,0,False,True,False,False,False,2,0,1,1,0,0,0,0,0,0,0,0.17825263157894736,0.46774193548387094,0,0,0,0,0,0,0,1,0,0,0,0,0,0
0,1,7792.0,22.1,98.0,1,88,0,1,0,True,False,False,False,False,1,0,0,0,1,0,0,0,0,0,0,0.05506315789473684,0.27419354838709675,0,0,0,0,0,1,0,0,0,0,0,0,0,0
1,0,4258.0,27.2,75.0,1,88,0,0,1,False,True,False,False,False,3,0,0,0,0,0,0,0,0,0,0,0.3618421052631579,0.5,0,0,0,0,0,0,0,0,1,0,0,0,0,0
1,1,5425.0,50.099999999999994,45.0,1,88,0,2,0,False,True,False,False,False,1,0,0,0,0,0,1,0,0,0,0,0.16622105263157894,0.03225806451612903,0,0,0,0,0,0,0,0,0,0,1,0,0,0
0,1,2313.0,26.2,71.0,3,88,0,2,1,True,False,False,False,False,0,0,0,0,0,1,0,0,0,0,0,0.48130526315789474,0.3064516129032258,0,0,0,0,0,0,0,0,1,0,0,0,0,0
0,1,3473.0,12.9,222.0,4,88,0,2,0,False,False,True,False,False,2,0,1,1,0,0,0,0,0,0,0,0.12950526315789473,0.8064516129032258,0,0,0,0,1,0,0,0,0,0,0,0,0,0
1,0,5438.0,14.0,47.0,1,88,0,2,1,False,False,False,True,False,3,0,0,0,0,0,0,0,0,0,0,0.14406315789473684,0.2903225806451613,0,0,0,0,0,0,0,1,0,0,0,0,0,0
0,0,2798.0,14.8,154.0,1,88,0,4,0,True,False,False,False,False,3,0,0,0,0,0,0,0,0,0,0,0.5719263157894737,0.3387096774193548,0,0,0,0,0,0,0,0,0,1,0,0,0,0
0,0,4965.0,50.099999999999994,237.0,1,88,0,1,0,True,False,False,False,False,3,0,0,0,0,0,0,0,0,0,0,0.22226315789473683,0.04838709677419355,0,0,1,0,0,0,0,0,0,0,0,0,0,1
1,1,4555.0,29.9,62.0,2,88,0,2,0,True,False,False,False,False,0,0,0,0,0,1,0,0,0,0,0,0.7160328947368421,0.1774193548387097,0,0,0,0,0,0,0,0,0,0,1,0,0,0
1,1,2585.0,31.3,273.0,3,88,0,0,0,False,False,True,False,False,1,0,0,0,1,0,0,0,0,0,0,0.21793684210526315,0.7580645161290323,0,0,0,0,0,0,1,0,0,0,0,0,0,0
1,1,7480.0,26.4,145.0,2,88,0,0,0,True,False,False,False,False,1,0,0,0,1,0,0,0,0,0,0,0.11994736842105264,0.25806451612903225,0,0,0,0,0,0,1,0,0,0,0,0,0,0
0,1,11526.0,13.1,428.5,1,88,0,4,0,True,False,False,False,False,0,0,0,0,0,0,0,0,0,0,0,0.2188736842105263,0.1935483870967742,0,0,0,0,0,0,0,0,0,0,1,0,0,0
0,0,12849.0,4.9,120.0,0,88,0,2,2,False,False,True,False,False,1,0,0,0,0,0,0,0,0,1,0,0.32494736842105265,0.46774193548387094,0,0,0,0,0,0,0,0,0,0,0,1,0,0
0,0,2453.0,13.8,170.0,1,88,0,1,0,False,False,False,False,True,0,0,0,0,0,1,0,0,0,0,0,0.4226315789473684,0.6935483870967742,0,0,0,0,0,0,0,0,0,0,0,0,0,1
0,0,6073.0,17.0,71.0,0,88,0,1,0,True,False,False,False,False,0,0,0,0,0,1,0,0,0,0,0,0.11182105263157895,0.6612903225806451,0,0,0,0,0,0,0,0,0,0,0,1,0,0
0,1,3410.0,15.8,428.5,3,88,0,3,2,False,False,False,True,False,3,0,0,0,0,0,0,0,0,0,0,0.09227368421052631,0.14516129032258066,0,0,1,0,0,0,0,0,0,1,0,0,0,0
1,0,3774.0,5.1,206.0,0,87,0,1,2,False,False,True,False,False,0,0,0,0,0,1,0,0,0,0,0,0.20206315789473683,0.1935483870967742,0,0,0,0,0,0,0,0,0,0,0,1,0,0
1,1,2727.0,6.5,202.0,2,87,0,3,0,False,False,False,True,False,2,0,1,1,0,0,0,0,0,0,0,0.20861052631578947,0.04838709677419355,0,0,1,0,0,0,0,0,0,0,0,0,0,1
0,0,9464.0,9.0,268.0,0,87,0,2,0,False,False,True,False,False,1,0,0,0,0,0,0,0,0,0,1,0.4662,0.7419354838709677,0,0,0,0,0,0,1,0,0,0,0,0,0,0
1,0,2112.0,10.3,186.0,1,87,0,0,1,True,False,False,False,False,3,0,0,0,0,0,0,0,0,0,0,0.24822105263157895,0.22580645161290322,0,0,0,0,0,1,0,0,0,0,0,0,0,0
0,0,8955.0,17.3,171.0,0,87,0,0,2,True,False,False,False,False,0,0,0,0,0,0,0,0,0,0,0,0.5361789473684211,0.3225806451612903,0,0,0,0,0,1,0,0,0,0,0,0,0,0
0,0,13495.0,19.1,150.0,0,87,0,4,2,False,False,False,True,False,1,0,0,0,0,0,0,0,0,1,0,0.30570526315789476,0.24193548387096775,0,0,0,0,0,0,1,0,0,0,0,0,0,0
0,0,4193.0,50.099999999999994,73.0,2,87,0,2,1,False,False,True,False,False,3,0,0,0,0,0,0,0,0,0,0,0.5730105263157895,0.5645161290322581,0,0,0,0,0,0,0,0,0,0,0,0,1,0
0,1,2275.0,20.0,263.0,2,87,0,2,0,False,False,True,False,False,3,0,0,0,0,0,0,0,0,0,0,0.7160328947368421,0.7741935483870968,0,0,0,1,0,0,0,0,0,0,0,0,0,0
0,1,13330.0,8.6,129.0,2,87,0,0,1,True,False,False,False,False,1,0,0,0,0,0,0,0,0,0,1,0.08818947368421053,0.06451612903225806,0,0,0,0,0,0,0,0,0,0,0,0,0,1
1,1,5727.0,8.8,95.0,1,87,0,3,0,False,False,True,False,False,1,0,0,0,0,0,0,0,0,1,0,0.1716736842105263,0.6935483870967742,0,0,0,0,0,0,0,0,0,0,0,0,0,1
0,0,1990.0,21.4,73.0,1,87,0,0,0,True,False,False,False,False,1,0,0,0,0,0,0,0,0,1,0,0.32942105263157895,0.12903225806451613,0,0,0,0,0,0,0,0,1,0,0,0,0,0
0,0,3029.0,14.6,240.0,1,87,0,1,0,True,False,False,False,False,2,0,1,1,0,0,0,0,0,0,0,0.46823157894736844,0.41935483870967744,0,0,0,0,0,0,0,0,0,0,0,1,0,0
1,0,8581.0,37.0,91.0,0,87,0,1,1,True,False,False,False,False,2,0,1,1,0,0,0,0,0,0,0,0.11212631578947369,0.6935483870967742,0,0,0,0,1,0,0,0,0,0,0,0,0,0
1,1,2951.0,13.9,263.0,2,87,0,3,0,True,False,False,False,False,1,0,0,0,0,0,0,0,0,0,1,0.23896842105263158,0.7580645161290323,0,0,0,1,0,0,0,0,0,0,0,0,0,0
1,0,7622.0,16.3,155.0,0,87,0,3,2,True,False,False,False,False,2,0,1,1,0,0,0,0,0,0,0,0.10535789473684211,0.3709677419354839,0,0,0,0,0,0,0,0,0,1,0,0,0,0
1,0,3231.0,50.099999999999994,104.0,1,87,0,4,1,False,False,True,False,False,1,0,0,0,0,0,0,0,0,1,0,0.1364,0.20967741935483872,0,0,0,0,0,0,0,0,0,0,0,0,0,1
1,0,4740.0,13.3,120.0,0,87,0,1,0,False,False,False,True,False,2,0,1,1,0,0,0,0,0,0,0,0.05691578947368421,0.8064516129032258,0,0,0,0,0,1,0,0,0,0,0,0,0,0
0,0,4110.0,32.1,140.0,0,87,0,0,0,True,False,False,False,False,0,0,0,0,0,1,0,0,0,0,0,0.07566315789473685,0.6290322580645161,0,0,0,0,0,0,0,0,0,0,0,1,0,0
1,1,9000.0,28.6,297.0,1,87,0,2,0,True,False,False,False,False,3,0,0,0,0,0,0,0,0,0,0,0.24187368421052632,0.04838709677419355,0,0,1,0,0,1,0,0,0,0,0,0,0,0
1,0,3363.0,15.7,123.0,2,87,0,1,2,False,False,True,False,False,1,0,0,0,1,0,0,0,0,0,0,0.579421052631579,0.46774193548387094,0,0,0,0,0,0,0,0,0,0,0,0,0,1
1,0,1692.0,11.0,88.0,1,87,0,3,1,False,False,True,False,False,1,0,0,0,1,0,0,0,0,0,0,0.05604210526315789,0.1935483870967742,0,0,0,0,0,0,0,1,0,0,0,0,0,0
1,1,12560.0,11.4,152.0,1,87,0,3,0,False,False,False,True,False,0,0,0,0,0,1,0,0,0,0,0,0.15222105263157895,0.1935483870967742,0,0,0,0,1,0,0,0,0,0,0,0,0,0
0,0,8486.0,21.7,187.0,0,87,0,3,0,False,False,True,False,False,3,0,0,0,0,0,0,0,0,0,0,0.1441578947368421,0.24193548387096775,0,0,0,0,1,0,0,0,0,0,0,0,0,0
0,0,4803.0,25.4,116.0,1,87,0,2,2,False,False,False,True,False,0,0,0,0,0,0,0,0,0,0,0,0.13197894736842106,0.46774193548387094,0,0,0,0,0,0,0,0,0,0,1,0,0,0
0,0,1858.0,17.6,167.0,0,87,0,1,2,True,False,False,False,False,3,0,0,0,0,0,0,0,0,0,0,0.7160328947368421,0.12903225806451613,0,0,1,0,0,0,0,1,0,0,0,0,0,0
0,0,13776.125,13.1,165.0,0,87,0,2,0,True,False,False,False,False,3,0,0,0,0,0,0,0,0,0,0,0.37309473684210526,0.6129032258064516,0,0,0,0,0,1,0,0,0,0,0,0,0,0
0,1,6916.0,14.9,76.0,5,87,0,0,1,False,False,False,True,False,1,0,0,0,0,0,0,0,0,1,0,0.11446315789473684,0.0967741935483871,0,0,0,0,1,0,0,0,0,0,0,0,0,0
0,0,5244.0,29.4,245.0,2,87,0,0,1,False,False,True,False,False,3,0,0,0,0,0,0,0,0,0,0,0.7160328947368421,0.3387096774193548,0,0,0,0,0,0,0,0,0,0,0,0,0,1
1,1,1788.0,21.3,89.0,2,87,0,2,0,True,False,False,False,False,1,0,0,0,1,0,0,0,0,0,0,0.6468,0.7096774193548387,0,0,0,0,1,0,0,0,0,0,0,0,0,0
0,0,4549.0,21.2,173.0,1,87,0,1,1,True,False,False,False,False,1,0,0,0,0,0,1,0,0,0,0,0.1639578947368421,0.43548387096774194,0,0,0,1,0,0,0,0,0,0,0,0,0,0
0,0,4617.0,18.3,212.0,0,86,0,0,1,True,False,False,False,False,1,0,0,0,0,0,1,0,0,0,0,0.16350526315789474,0.11290322580645161,0,0,1,0,0,0,0,0,0,0,1,0,0,0
0,0,5626.0,26.4,259.0,2,86,0,1,1,False,False,True,False,False,2,0,1,1,0,0,0,0,0,0,0,0.29576842105263157,0.27419354838709675,0,0,0,1,0,0,0,0,0,0,0,0,0,0
1,1,8305.0,25.2,201.0,3,86,0,1,2,False,False,True,False,False,3,0,0,0,0,0,0,0,0,0,0,0.49822105263157895,0.6774193548387096,0,0,0,0,0,0,0,0,0,0,0,0,0,1
1,0,2305.0,16.8,134.0,0,86,0,0,0,False,False,False,True,False,0,0,0,0,0,1,0,0,0,0,0,0.2806315789473684,0.7580645161290323,0,0,0,0,0,0,0,0,1,0,0,0,0,0
1,1,2384.0,16.3,176.0,2,86,0,2,0,False,True,False,False,False,1,0,0,0,0,0,0,0,0,0,1,0.28142105263157896,0.08064516129032258,0,0,1,0,0,1,0,0,0,0,0,0,0,0
0,0,6952.0,35.4,145.0,0,86,0,0,0,False,False,True,False,False,0,0,0,0,0,0,0,0,0,0,0,0.047621052631578946,0.5806451612903226,0,0,0,0,0,0,0,0,0,0,0,0,1,0
0,0,6269.0,31.5,242.0,2,86,0,2,2,False,False,False,False,True,1,0,0,0,0,0,0,0,0,1,0,0.7160328947368421,0.6612903225806451,0,0,0,0,0,0,0,0,1,0,0,0,0,0
1,1,7440.0,24.4,365.0,3,86,0,2,2,False,False,False,True,False,2,0,1,1,0,0,0,0,0,0,0,0.3414421052631579,0.6612903225806451,0,0,0,0,0,1,0,0,0,0,0,0,0,0
1,0,2377.0,12.5,124.0,0,86,0,1,1,False,False,False,True,False,3,0,0,0,0,0,0,0,0,0,0,0.45558947368421054,0.46774193548387094,0,0,0,0,0,0,0,0,0,0,0,0,0,1
0,0,6198.0,31.1,93.0,0,86,0,1,1,True,False,False,False,False,2,0,1,1,0,0,0,0,0,0,0,0.13906315789473683,0.41935483870967744,0,0,0,0,0,0,0,0,0,0,0,1,0,0
0,1,4662.0,31.6,226.0,2,86,0,2,0,True,False,False,False,False,1,0,0,0,1,0,0,0,0,0,0,0.1198,0.0,0,0,1,0,0,0,1,0,0,0,0,0,0,0
1,0,6094.0,8.2,428.5,1,86,0,4,2,True,False,False,False,False,2,0,1,1,0,0,0,0,0,0,0,0.24190526315789473,0.3548387096774194,0,0,0,0,0,1,0,0,0,0,0,0,0,0
0,0,2266.0,10.4,276.0,1,86,0,1,2,False,False,True,False,False,2,0,1,1,0,0,0,0,0,0,0,0.24813684210526316,0.5483870967741935,0,0,0,0,0,1,0,0,0,0,0,0,0,0
1,1,8396.0,1.6,132.0,1,86,0,3,0,True,False,False,False,False,2,0,1,1,0,0,0,0,0,0,0,0.06952631578947369,0.1935483870967742,0,0,0,0,0,0,0,0,0,0,1,0,0,0
1,1,5775.0,35.0,254.0,2,86,0,1,0,True,False,False,False,False,1,0,0,0,0,0,0,0,0,1,0,0.20029473684210528,0.0967741935483871,0,0,1,0,0,0,0,0,0,0,1,0,0,0
0,0,5404.0,14.5,76.0,1,86,0,1,1,False,False,False,False,True,3,0,0,0,0,0,0,0,0,0,0,0.25725263157894734,0.6451612903225806,0,0,0,0,0,0,0,0,0,1,0,0,0,0
0,1,6267.0,22.4,136.0,2,86,0,3,2,True,False,False,False,False,1,0,0,0,1,0,0,0,0,0,0,0.04597894736842105,0.5483870967741935,0,0,0,0,0,0,0,0,0,0,0,0,0,1
0,1,6860.0,7.9,428.5,2,86,0,1,2,False,False,True,False,False,3,0,0,0,0,0,0,0,0,0,0,0.12045263157894737,0.6774193548387096,0,0,0,0,0,0,1,0,0,0,0,0,0,0
0,0,4714.0,19.8,234.0,0,86,0,4,2,True,False,False,False,False,1,0,0,0,0,0,1,0,0,0,0,0.19236842105263158,0.7419354838709677,0,0,0,0,0,0,1,0,0,0,0,0,0,0
0,0,13776.125,15.8,159.0,0,86,0,1,0,True,False,False,False,False,0,0,0,0,0,0,0,0,0,0,0,0.3383473684210526,0.7903225806451613,0,0,0,1,0,0,0,0,0,0,0,0,0,0
1,0,10319.0,18.3,220.0,1,86,0,3,1,True,False,False,False,False,3,0,0,0,0,0,0,0,0,0,0,0.4372,0.46774193548387094,0,0,0,0,0,0,0,0,0,0,0,1,0,0
0,1,8315.0,15.7,71.0,1,86,0,2,0,True,False,False,False,False,0,0,0,0,0,0,0,0,0,0,0,0.14454736842105262,0.6129032258064516,0,0,0,0,0,1,0,0,0,0,0,0,0,0
0,0,1997.0,10.4,110.0,2,86,0,3,1,False,False,False,False,True,3,0,0,0,0,0,0,0,0,0,0,0.023178947368421052,0.6774193548387096,0,0,0,0,1,0,0,0,0,0,0,0,0,0
1,1,3551.0,24.2,230.0,3,86,0,3,0,False,False,False,False,True,1,0,0,0,0,0,1,0,0,0,0,0.21050526315789472,0.27419354838709675,0,0,0,0,0,0,0,0,0,1,0,0,0,0
0,1,4574.0,5.9,161.0,2,86,0,1,0,True,False,False,False,False,1,0,0,0,0,0,0,0,0,0,1,0.7160328947368421,0.08064516129032258,0,0,0,0,0,0,0,0,0,0,1,0,0,0
1,1,4576.0,40.9,251.0,2,86,0,2,0,True,False,False,False,False,3,0,0,0,0,0,0,0,0,0,0,0.20270526315789475,0.24193548387096775,0,0,0,0,0,0,1,0,0,0,0,0,0,0
0,0,5591.0,23.3,271.0,0,86,0,2,0,True,False,False,False,False,2,0,1,1,0,0,0,0,0,0,0,0.19449473684210528,0.7903225806451613,0,0,0,0,0,0,0,0,0,0,0,0,1,0
0,0,5458.0,8.0,81.0,0,86,0,1,0,False,False,False,True,False,3,0,0,0,0,0,0,0,0,0,0,0.1397578947368421,0.1935483870967742,0,0,0,0,0,1,0,0,0,0,0,0,0,0
0,1,3047.0,16.7,236.0,3,86,0,3,0,False,False,True,False,False,3,0,0,0,0,0,0,0,0,0,0,0.14317894736842104,0.6612903225806451,0,0,0,0,0,0,1,0,0,0,0,0,0,0
1,0,12440.0,13.4,148.0,0,86,0,2,2,False,False,False,True,False,0,0,0,0,0,1,0,0,0,0,0,0.1355684210526316,0.6451612903225806,0,0,0,0,0,0,0,0,0,0,0,0,1,0
1,0,3828.0,13.1,205.0,1,85,0,1,0,False,True,False,False,False,1,0,0,0,0,0,0,0,0,0,1,0.4502736842105263,0.45161290322580644,0,0,0,0,0,0,0,0,0,0,0,0,1,0
0,0,4754.0,12.8,100.0,0,85,0,1,1,False,False,False,True,False,3,0,0,0,0,0,0,0,0,0,0,0.09956842105263158,0.7580645161290323,0,0,0,0,0,0,0,0,0,0,1,0,0,0
0,0,1676.0,42.4,137.0,1,85,0,4,0,False,False,False,True,False,1,0,0,0,0,0,0,0,0,1,0,0.3645684210526316,0.5967741935483871,0,0,0,1,0,0,0,0,0,0,0,0,0,0
0,0,4182.0,22.4,44.0,0,85,0,1,1,True,False,False,False,False,2,0,1,1,0,0,0,0,0,0,0,0.2813894736842105,0.14516129032258066,0,0,0,0,0,0,0,0,1,0,0,0,0,0
0,1,6592.0,36.7,178.0,1,85,0,3,0,True,False,False,False,False,1,0,0,0,1,0,0,0,0,0,0,0.11278947368421052,0.3709677419354839,0,0,0,0,0,0,0,1,0,0,0,0,0,0
1,0,2898.0,11.7,63.0,0,85,0,3,0,False,True,False,False,False,0,0,0,0,0,0,0,0,0,0,0,0.1395894736842105,0.3387096774193548,0,0,0,0,0,0,0,0,0,0,0,1,0,0
0,0,2886.0,6.8,166.0,2,85,0,2,2,True,False,False,False,False,0,0,0,0,0,0,0,0,0,0,0,0.3066315789473684,0.06451612903225806,0,0,1,0,0,0,0,0,0,0,0,1,0,0
1,0,8451.0,10.2,305.0,0,85,0,3,0,False,False,False,False,True,1,0,0,0,1,0,0,0,0,0,0,0.39606315789473684,0.43548387096774194,0,0,0,0,1,0,0,0,0,0,0,0,0,0
1,1,4395.0,18.3,345.0,2,85,0,2,0,False,False,True,False,False,1,0,0,0,0,0,0,0,0,0,1,0.7160328947368421,0.1935483870967742,0,0,0,0,0,0,0,0,0,0,0,0,0,1
1,0,1880.0,24.6,250.0,0,85,0,1,0,False,False,True,False,False,3,0,0,0,0,0,0,0,0,0,0,0.5524526315789474,0.6612903225806451,0,0,0,0,0,0,0,0,0,0,1,0,0,0
0,1,4326.0,23.5,428.5,3,85,0,0,2,False,False,False,False,True,1,0,0,0,1,0,0,0,0,0,0,0.1493263157894737,0.1774193548387097,0,0,0,0,0,0,0,0,0,0,1,0,0,0
0,0,8008.0,9.7,127.0,0,85,0,3,0,True,False,False,False,False,3,0,0,0,0,0,0,0,0,0,0,0.4613578947368421,0.0967741935483871,0,0,0,0,0,0,0,0,0,0,0,0,1,0
1,0,3166.0,11.0,241.0,0,85,0,1,0,False,False,False,False,True,1,0,0,0,0,0,1,0,0,0,0,0.24632631578947367,0.532258064516129,0,0,0,0,0,1,0,0,0,0,0,0,0,0
1,0,5931.0,13.2,188.0,0,85,0,0,0,True,False,False,False,False,1,0,0,0,0,0,1,0,0,0,0,0.13706315789473683,0.3387096774193548,0,0,0,0,1,0,0,0,0,0,0,0,0,0
1,1,5569.0,39.3,85.0,2,85,0,3,0,True,False,False,False,False,1,0,0,0,0,0,0,0,0,0,1,0.05467368421052632,0.3387096774193548,0,0,0,0,0,0,0,0,0,0,0,0,1,0
0,1,5269.0,37.1,69.0,2,85,0,3,1,False,False,True,False,False,1,0,0,0,1,0,0,0,0,0,0,0.10488421052631579,0.4838709677419355,0,0,0,0,0,0,1,0,0,0,0,0,0,0
1,0,3142.0,9.2,70.0,2,85,0,1,2,True,False,False,False,False,3,0,0,0,0,0,0,0,0,0,0,0.6031368421052632,0.6935483870967742,0,0,0,0,0,0,1,0,0,0,0,0,0,0
1,0,5095.0,26.2,192.0,2,85,0,2,2,False,False,True,False,False,1,0,0,0,0,0,0,0,0,0,1,0.4445789473684211,0.45161290322580644,0,0,0,0,0,0,0,0,0,0,0,1,0,0
1,1,7689.0,1.7,223.0,3,85,0,3,0,False,False,False,True,False,0,0,0,0,0,0,0,0,0,0,0,0.10303157894736842,0.8225806451612904,0,0,0,0,0,0,1,0,0,0,0,0,0,0
0,1,6184.0,2.2,74.0,1,85,0,1,0,False,False,False,True,False,0,0,0,0,0,0,0,0,0,0,0,0.4388421052631579,0.1935483870967742,0,0,0,0,0,0,0,0,0,0,1,0,0,0
1,0,4764.0,11.2,124.0,0,85,0,1,1,True,False,False,False,False,1,0,0,0,1,0,0,0,0,0,0,0.28474736842105264,0.1935483870967742,0,0,0,1,0,0,0,0,0,0,0,0,0,0
0,0,6741.0,27.8,331.0,1,85,0,1,2,False,False,True,False,False,3,0,0,0,0,0,0,0,0,0,0,0.12647368421052632,0.7258064516129032,0,0,0,0,0,0,0,0,0,0,0,0,0,1
1,1,6701.0,30.3,135.0,2,85,0,3,1,False,False,True,False,False,1,0,0,0,0,0,0,0,0,0,1,0.05965263157894737,0.5806451612903226,0,0,0,0,0,0,0,0,1,0,0,0,0,0
0,1,9469.0,14.8,120.0,2,85,0,3,0,False,False,False,False,True,3,0,0,0,0,0,0,0,0,0,0,0.06905263157894737,0.11290322580645161,0,0,0,0,0,0,0,1,0,0,0,0,0,0
1,1,13776.125,15.0,217.0,2,85,0,4,2,False,False,False,True,False,3,0,0,0,0,0,0,0,0,0,0,0.11037894736842105,0.3387096774193548,0,0,0,0,0,0,0,0,0,0,0,0,1,0
0,0,10964.0,12.6,128.0,1,85,0,3,2,True,False,False,False,False,2,0,1,1,0,0,0,0,0,0,0,0.3869157894736842,0.6612903225806451,0,0,0,1,0,0,0,0,0,0,0,0,0,0
0,0,6424.0,18.4,236.0,1,85,0,2,1,True,False,False,False,False,0,0,0,0,0,0,0,0,0,0,0,0.03334736842105263,0.6129032258064516,0,0,0,0,0,0,0,0,0,0,0,1,0,0
0,0,6536.0,20.1,189.0,0,85,0,2,0,True,False,False,False,False,1,0,0,0,0,0,0,0,0,1,0,0.4811157894736842,0.24193548387096775,0,0,0,1,0,0,0,0,0,0,0,0,0,0
1,1,9319.0,24.3,155.0,2,85,0,2,2,True,False,False,False,False,1,0,0,0,1,0,0,0,0,0,0,0.21171578947368422,0.6935483870967742,0,0,0,0,0,0,0,0,0,0,0,0,0,1
0,1,6450.0,20.3,92.0,1,85,0,2,0,False,False,False,True,False,1,0,0,0,1,0,0,0,0,0,0,0.1367578947368421,0.2903225806451613,0,0,0,0,0,0,0,0,0,0,0,0,1,0
1,0,1840.0,10.2,74.0,0,84,0,2,0,True,False,False,False,False,1,0,0,0,1,0,0,0,0,0,0,0.5324947368421052,0.45161290322580644,0,0,0,0,0,0,0,0,0,0,0,0,1,0
1,0,4720.0,36.4,197.0,0,84,0,2,0,True,False,False,False,False,0,0,0,0,0,0,0,0,0,0,0,0.06808421052631579,0.25806451612903225,0,0,0,0,0,0,0,0,0,0,0,1,0,0
0,0,3219.0,7.4,124.0,0,84,0,1,1,False,False,True,False,False,1,0,0,0,1,0,0,0,0,0,0,0.38710526315789473,0.08064516129032258,0,0,0,0,0,0,0,1,0,0,0,0,0,0
1,1,13776.125,17.8,428.5,2,84,0,3,1,False,False,False,True,False,1,0,0,0,0,0,0,0,0,1,0,0.2648526315789474,0.5645161290322581,0,0,0,0,0,0,0,1,0,0,0,0,0,0
0,0,7945.0,15.5,95.0,0,84,0,1,0,False,True,False,False,False,3,0,0,0,0,0,0,0,0,0,0,0.22018947368421052,0.20967741935483872,0,0,0,0,0,0,0,0,0,0,1,0,0,0
1,0,4779.0,5.0,152.0,0,84,0,2,0,False,False,False,False,True,2,0,1,1,0,0,0,0,0,0,0,0.09751578947368421,0.5161290322580645,0,0,0,1,0,0,0,0,0,0,0,0,0,0
0,0,5020.0,19.0,152.0,1,84,0,2,1,True,False,False,False,False,0,0,0,0,0,0,0,0,0,0,0,0.13992631578947368,0.3709677419354839,0,0,0,0,0,0,0,0,0,0,0,0,1,0
1,0,2992.0,29.3,98.0,1,84,0,1,1,True,False,False,False,False,2,0,1,1,0,0,0,0,0,0,0,0.23041052631578948,0.5,0,0,0,0,1,0,0,0,0,0,0,0,0,0
0,0,13776.125,11.1,122.0,1,84,0,3,2,True,False,False,False,False,3,0,0,0,0,0,0,0,0,0,0,0.22182105263157895,0.532258064516129,0,0,0,1,0,0,0,0,0,0,0,0,0,0
0,1,13776.125,14.2,56.0,1,84,0,3,0,True,False,False,False,False,1,0,0,0,0,0,0,0,0,0,1,0.12251578947368422,0.7258064516129032,0,0,0,0,0,1,0,0,0,0,0,0,0,0
0,0,2987.0,43.7,201.0,1,84,0,3,2,True,False,False,False,False,0,0,0,0,0,1,0,0,0,0,0,0.0648842105263158,0.6451612903225806,0,0,0,0,0,0,0,0,0,0,0,0,1,0
0,0,6773.0,20.3,95.0,2,84,0,1,2,True,False,False,False,False,3,0,0,0,0,0,0,0,0,0,0,0.3549052631578947,0.43548387096774194,0,0,0,0,0,1,0,0,0,0,0,0,0,0
0,0,7666.0,13.4,155.0,1,84,0,2,2,False,True,False,False,False,0,0,0,0,0,1,0,0,0,0,0,0.2557263157894737,0.22580645161290322,0,0,0,0,0,0,0,0,0,0,0,0,1,0
0,0,4156.0,9.7,224.0,1,84,0,0,2,False,False,False,False,True,1,0,0,0,1,0,0,0,0,0,0,0.15205263157894736,0.7258064516129032,0,0,0,0,0,0,1,0,0,0,0,0,0,0
0,0,8347.0,10.1,108.0,1,84,0,2,2,True,False,False,False,False,1,0,0,0,0,0,0,0,0,0,1,0.4770315789473684,0.6612903225806451,0,0,0,0,0,0,0,0,1,0,0,0,0,0
0,0,3796.0,7.5,200.0,0,84,0,1,2,False,False,False,False,True,0,0,0,0,0,1,0,0,0,0,0,0.36051578947368423,0.6774193548387096,0,0,0,0,0,0,0,0,0,0,1,0,0,0
1,1,1894.0,26.3,405.0,3,84,0,3,2,True,False,False,False,False,3,0,0,0,0,0,0,0,0,0,0,0.2908842105263158,0.5161290322580645,0,0,0,0,0,0,0,0,0,0,0,0,0,1
0,1,9790.0,2.5,141.0,2,84,0,4,0,True,False,False,False,False,2,0,1,1,0,0,0,0,0,0,0,0.22097894736842105,0.5483870967741935,0,0,0,0,0,0,0,0,0,0,0,1,0,0
1,0,2886.0,36.1,207.0,2,84,0,3,1,False,False,False,False,True,1,0,0,0,0,0,0,0,0,1,0,0.14857894736842106,0.5,0,0,0,0,0,0,0,0,0,0,1,0,0,0
1,0,6550.0,26.6,226.0,1,84,0,3,1,True,False,False,False,False,3,0,0,0,0,0,0,0,0,0,0,0.07463157894736842,0.7741935483870968,0,0,0,0,0,0,1,0,0,0,0,0,0,0
1,0,8910.0,19.6,253.0,0,84,0,2,0,True,False,False,False,False,1,0,0,0,0,0,1,0,0,0,0,0.44826315789473686,0.6129032258064516,0,0,0,1,0,0,0,0,0,0,0,0,0,0
1,1,2325.0,16.8,75.0,4,84,0,2,0,True,False,False,False,False,0,0,0,0,0,1,0,0,0,0,0,0.174,0.2903225806451613,0,0,0,0,0,0,0,0,1,0,0,0,0,0
1,0,7470.0,20.8,87.0,1,84,0,1,2,False,False,False,False,True,0,0,0,0,0,1,0,0,0,0,0,0.3244421052631579,0.14516129032258066,0,0,0,0,0,0,0,0,0,1,0,0,0,0
0,1,5057.0,7.8,367.0,2,84,0,3,0,False,False,True,False,False,3,0,0,0,0,0,0,0,0,0,0,0.10442105263157894,0.14516129032258066,0,0,1,0,0,1,0,0,0,0,0,0,0,0
1,1,2237.0,16.3,223.0,4,84,0,2,2,False,False,False,False,True,2,0,1,1,0,0,0,0,0,0,0,0.10648421052631579,0.20967741935483872,0,0,0,0,0,1,0,0,0,0,0,0,0,0
1,1,8415.0,26.0,125.0,3,84,0,0,0,True,False,False,False,False,1,0,0,0,1,0,0,0,0,0,0,0.27227368421052633,0.3387096774193548,0,0,0,0,0,0,0,0,0,1,0,0,0,0
1,1,9518.0,18.8,59.0,2,84,0,3,0,True,False,False,False,False,3,0,0,0,0,0,0,0,0,0,0,0.46369473684210527,0.6935483870967742,0,0,0,0,0,1,0,0,0,0,0,0,0,0
1,1,8384.0,19.6,181.0,2,84,0,2,0,True,False,False,False,False,3,0,0,0,0,0,0,0,0,0,0,0.30673684210526314,0.016129032258064516,0,0,1,0,0,0,0,0,0,0,0,0,0,1
1,0,4643.0,5.1,100.0,0,84,0,2,1,False,False,True,False,False,0,0,0,0,0,0,0,0,0,0,0,0.13646315789473684,0.5,0,0,0,0,1,0,0,0,0,0,0,0,0,0
0,1,8010.0,21.6,26.0,3,84,0,2,0,False,False,True,False,False,3,0,0,0,0,0,0,0,0,0,0,0.1106,0.22580645161290322,0,0,0,0,0,0,1,0,0,0,0,0,0,0
0,1,5761.0,11.0,427.0,1,83,0,3,0,False,False,True,False,False,1,0,0,0,0,0,0,0,0,0,1,0.18322105263157895,0.25806451612903225,0,0,0,0,0,0,0,0,0,0,0,0,1,0
0,0,2494.0,33.0,270.0,2,83,0,1,1,True,False,False,False,False,1,0,0,0,1,0,0,0,0,0,0,0.07750526315789474,0.7741935483870968,0,0,0,1,0,0,0,0,0,0,0,0,0,0
0,0,2109.0,13.4,90.0,1,83,0,2,2,True,False,False,False,False,2,0,1,1,0,0,0,0,0,0,0,0.7160328947368421,0.4032258064516129,0,0,0,0,0,0,0,0,0,0,0,1,0,0
1,0,2584.0,33.7,396.0,0,83,0,2,0,True,False,False,False,False,3,0,0,0,0,0,0,0,0,0,0,0.3274,0.7903225806451613,0,0,0,1,0,0,0,0,0,0,0,0,0,0
0,0,7876.0,16.2,428.5,0,83,0,3,0,False,False,False,False,True,0,0,0,0,0,1,0,0,0,0,0,0.1898736842105263,0.7419354838709677,0,0,0,0,0,0,0,0,0,0,1,0,0,0
1,1,4199.0,20.7,198.0,3,83,0,1,1,False,False,False,False,True,0,0,0,0,0,0,0,0,0,0,0,0.23886315789473683,0.532258064516129,0,0,0,0,0,0,0,0,0,1,0,0,0,0
0,0,10798.0,8.3,113.0,1,83,0,2,1,True,False,False,False,False,3,0,0,0,0,0,0,0,0,0,0,0.5814,0.3387096774193548,0,0,0,1,0,0,0,0,0,0,0,0,0,0
0,0,3860.0,14.1,182.0,1,83,0,1,0,False,False,False,True,False,1,0,0,0,0,0,0,0,0,1,0,0.5096105263157895,0.3064516129032258,0,0,0,1,0,0,0,0,0,0,0,0,0,0
1,0,1996.0,34.9,29.0,1,83,0,1,2,False,True,False,False,False,0,0,0,0,0,1,0,0,0,0,0,0.1586842105263158,0.2903225806451613,0,0,0,1,0,0,0,0,0,0,0,0,0,0
1,0,10942.0,8.4,155.0,0,83,0,1,0,True,False,False,False,False,3,0,0,0,0,0,0,0,0,0,0,0.08923157894736843,0.0,0,0,0,0,0,0,0,0,0,0,0,0,0,1
0,0,6459.0,32.8,122.0,0,83,0,1,2,True,False,False,False,False,1,0,0,0,0,0,1,0,0,0,0,0.08711578947368422,0.20967741935483872,0,0,0,1,0,0,0,0,0,0,0,0,0,0
0,0,9051.0,22.1,92.0,0,83,0,0,1,True,False,False,False,False,2,0,1,1,0,0,0,0,0,0,0,0.4325263157894737,0.16129032258064516,0,0,0,0,0,0,0,0,0,0,0,0,1,0
1,1,1935.0,15.9,189.0,3,83,0,2,1,False,False,True,False,False,1,0,0,0,0,0,0,0,0,0,1,0.10046315789473684,0.43548387096774194,0,0,0,0,0,0,0,0,0,1,0,0,0,0
0,0,7846.0,16.5,180.0,1,83,0,1,0,True,False,False,False,False,1,0,0,0,0,0,0,0,0,0,1,0.43162105263157896,0.45161290322580644,0,0,0,0,0,0,0,0,0,0,1,0,0,0
0,0,8234.0,36.6,211.0,1,83,0,0,1,False,False,False,False,True,3,0,0,0,0,0,0,0,0,0,0,0.14298947368421053,0.12903225806451613,0,0,1,0,0,0,0,0,0,0,1,0,0,0
1,1,4555.0,3.5,127.0,1,83,0,4,0,False,False,True,False,False,0,0,0,0,0,0,0,0,0,0,0,0.5022736842105263,0.532258064516129,0,0,0,0,0,1,0,0,0,0,0,0,0,0
0,1,2711.0,15.8,136.0,3,83,0,2,0,True,False,False,False,False,0,0,0,0,0,0,0,0,0,0,0,0.10134736842105263,0.5806451612903226,0,0,0,0,1,0,0,0,0,0,0,0,0,0
1,0,6164.0,6.7,281.0,1,83,0,2,2,False,True,False,False,False,1,0,0,0,0,0,0,0,0,0,1,0.27982105263157897,0.4032258064516129,0,0,0,0,0,0,0,0,0,0,0,0,1,0
0,0,4446.0,5.7,87.0,1,83,0,1,2,False,True,False,False,False,3,0,0,0,0,0,0,0,0,0,0,0.12042105263157894,0.7096774193548387,0,0,0,0,0,0,0,0,0,0,1,0,0,0
1,1,3942.0,4.1,175.0,2,83,0,2,1,False,False,True,False,False,3,0,0,0,0,0,0,0,0,0,0,0.2698736842105263,0.8225806451612904,0,0,0,0,0,0,0,0,0,0,0,1,0,0
0,0,8212.0,12.3,248.0,0,83,0,2,0,False,False,False,True,False,0,0,0,0,0,0,0,0,0,0,0,0.08403157894736842,0.6774193548387096,0,0,0,0,0,0,0,0,0,0,0,1,0,0
1,1,6308.0,47.2,405.0,3,83,0,1,0,False,False,False,False,True,3,0,0,0,0,0,0,0,0,0,0,0.3080421052631579,0.45161290322580644,0,0,0,0,0,0,0,0,1,0,0,0,0,0
1,1,6994.0,29.3,95.0,3,83,0,0,0,True,False,False,False,False,1,0,0,0,0,0,0,0,0,0,1,0.32842105263157895,0.11290322580645161,0,0,0,1,0,0,0,0,0,0,0,0,0,0
1,0,4396.0,8.9,120.0,2,83,0,0,2,False,True,False,False,False,3,0,0,0,0,0,0,0,0,0,0,0.45744210526315787,0.7903225806451613,0,0,0,0,1,0,0,0,0,0,0,0,0,0
1,0,4126.0,15.5,211.0,1,83,0,1,2,True,False,False,False,False,3,0,0,0,0,0,0,0,0,0,0,0.2707473684210526,0.24193548387096775,0,0,0,0,0,0,1,0,0,0,0,0,0,0
1,1,3787.0,35.6,215.0,3,83,0,1,1,False,False,True,False,False,0,0,0,0,0,1,0,0,0,0,0,0.23111578947368422,0.0,0,0,1,0,0,0,0,0,0,0,0,0,0,1
0,0,13776.125,11.5,49.0,1,83,0,2,2,False,False,False,True,False,0,0,0,0,0,0,0,0,0,0,0,0.26627368421052633,0.2903225806451613,0,0,0,0,0,0,1,0,0,0,0,0,0,0
1,0,3504.0,19.9,175.0,1,83,0,3,0,True,False,False,False,False,3,0,0,0,0,0,0,0,0,0,0,0.22658947368421054,0.6290322580645161,0,0,0,0,0,0,0,1,0,0,0,0,0,0
1,1,4653.0,22.1,161.0,3,83,0,0,0,True,False,False,False,False,0,0,0,0,0,0,0,0,0,0,0,0.509821052631579,0.7096774193548387,0,0,0,0,0,0,0,0,1,0,0,0,0,0
1,0,4478.0,25.6,187.0,1,83,0,3,2,True,False,False,False,False,0,0,0,0,0,0,0,0,0,0,0,0.3085684210526316,0.7741935483870968,0,0,0,0,0,0,0,0,0,0,0,0,0,1
0,1,8080.0,36.3,226.0,1,82,0,2,0,True,False,False,False,False,1,0,0,0,0,0,0,0,0,0,1,0.24726315789473685,0.0,0,0,1,1,0,0,0,0,0,0,0,0,0,0
1,0,2183.0,14.3,111.0,0,82,0,0,0,True,False,False,False,False,1,0,0,0,0,0,0,0,0,0,1,0.2482736842105263,0.7096774193548387,0,0,0,0,0,0,0,0,0,0,0,0,0,1
1,1,5185.0,10.1,123.0,2,82,0,2,0,False,False,True,False,False,1,0,0,0,0,0,0,0,0,0,1,0.2640421052631579,0.14516129032258066,0,0,0,0,0,0,0,0,0,0,0,0,0,1
1,0,1560.0,47.0,36.0,0,82,0,4,1,True,False,False,False,False,3,0,0,0,0,0,0,0,0,0,0,0.7160328947368421,0.7419354838709677,0,0,0,0,0,0,0,0,0,1,0,0,0,0
0,1,13776.125,14.8,115.0,2,82,0,0,2,False,False,False,True,False,1,0,0,0,0,0,1,0,0,0,0,0.32371578947368423,0.5483870967741935,0,0,0,0,1,0,0,0,0,0,0,0,0,0
1,1,4954.0,3.6,178.0,3,82,0,2,0,False,False,False,True,False,3,0,0,0,0,0,0,0,0,0,0,0.1348315789473684,0.7741935483870968,0,0,0,0,0,0,0,1,0,0,0,0,0,0
0,0,5416.0,11.2,85.0,0,82,0,1,1,False,False,False,False,True,0,0,0,0,0,0,0,0,0,0,0,0.144,0.6935483870967742,0,0,0,0,0,0,0,0,0,1,0,0,0,0
0,0,4209.0,31.2,213.0,1,82,0,3,2,False,False,True,False,False,2,0,1,1,0,0,0,0,0,0,0,0.1124421052631579,0.08064516129032258,0,0,1,1,0,0,0,0,0,0,0,0,0,0
1,1,4352.0,11.3,68.0,5,82,0,1,1,True,False,False,False,False,3,0,0,0,0,0,0,0,0,0,0,0.03788421052631579,0.3387096774193548,0,0,0,0,0,0,0,0,1,0,0,0,0,0
0,0,2900.0,44.5,224.0,1,82,0,3,0,False,False,False,True,False,0,0,0,0,0,0,0,0,0,0,0,0.19666315789473685,0.25806451612903225,0,0,0,0,0,0,0,0,1,0,0,0,0,0
1,0,2161.0,26.3,238.0,1,82,0,1,0,False,True,False,False,False,3,0,0,0,0,0,0,0,0,0,0,0.2436,0.6612903225806451,0,0,0,0,0,0,1,0,0,0,0,0,0,0
0,0,4485.0,24.4,280.0,0,82,0,0,0,False,False,True,False,False,2,0,1,1,0,0,0,0,0,0,0,0.16282105263157895,0.1774193548387097,0,0,0,0,0,0,0,0,0,0,0,0,1,0
1,0,10408.0,11.3,158.0,1,82,0,0,1,True,False,False,False,False,1,0,0,0,0,0,0,0,0,0,1,0.24941052631578947,0.6774193548387096,0,0,0,0,0,0,0,0,0,1,0,0,0,0
1,0,3073.0,5.6,141.0,1,82,0,1,1,True,False,False,False,False,1,0,0,0,0,0,0,0,0,1,0,0.7160328947368421,0.5161290322580645,0,0,0,0,0,0,0,1,0,0,0,0,0,0
1,0,2667.0,28.3,97.0,2,82,0,1,2,True,False,False,False,False,3,0,0,0,0,0,0,0,0,0,0,0.4514526315789474,0.6451612903225806,0,0,0,0,0,0,0,0,0,1,0,0,0,0
1,0,5078.0,39.3,327.0,1,82,0,1,2,False,False,True,False,False,3,0,0,0,0,0,0,0,0,0,0,0.3967157894736842,0.5806451612903226,0,0,0,0,0,0,0,0,0,0,0,0,0,1
1,0,4272.0,31.7,428.5,0,82,0,2,0,True,False,False,False,False,1,0,0,0,0,0,0,0,0,1,0,0.1336421052631579,0.08064516129032258,0,0,1,0,0,0,0,0,0,0,0,0,0,1
0,0,10576.0,30.0,117.0,1,82,0,1,1,True,False,False,False,False,2,0,1,1,0,0,0,0,0,0,0,0.23923157894736843,0.45161290322580644,0,0,0,0,0,0,0,0,0,0,0,0,1,0
0,0,5394.0,27.4,67.0,2,82,0,3,2,False,False,False,False,True,1,0,0,0,0,0,0,0,0,1,0,0.6239578947368422,0.6935483870967742,0,0,0,0,0,1,0,0,0,0,0,0,0,0
0,0,3536.0,22.6,81.0,1,82,0,2,2,False,False,False,False,True,3,0,0,0,0,0,0,0,0,0,0,0.1277157894736842,0.46774193548387094,0,0,0,0,0,0,0,0,0,1,0,0,0,0
0,0,5258.0,35.0,428.5,0,82,0,3,0,True,False,False,False,False,1,0,0,0,0,0,0,0,0,1,0,0.24054736842105262,0.7903225806451613,0,0,0,0,0,0,0,0,0,0,1,0,0,0
0,1,5991.0,4.8,313.0,0,82,0,2,0,True,False,False,False,False,3,0,0,0,0,0,0,0,0,0,0,0.5491894736842106,0.7419354838709677,0,1,0,0,0,0,0,0,0,0,0,0,1,0
0,0,4756.0,23.3,428.5,1,82,0,1,1,False,False,False,False,True,1,0,0,0,1,0,0,0,0,0,0,0.6351263157894736,0.6774193548387096,0,0,0,0,0,0,0,0,0,0,0,0,0,1
0,0,4835.0,9.9,177.0,0,82,0,2,2,True,False,False,False,False,3,0,0,0,0,0,0,0,0,0,0,0.7160328947368421,0.7741935483870968,0,0,0,0,0,0,1,0,0,0,0,0,0,0
0,0,9659.0,30.1,235.0,0,82,0,2,2,True,False,False,False,False,3,0,0,0,0,0,0,0,0,0,0,0.3216631578947368,0.5,0,0,0,0,0,0,0,1,0,0,0,0,0,0
0,0,3712.0,32.8,87.0,0,82,0,2,2,True,False,False,False,False,1,0,0,0,0,0,0,0,0,1,0,0.2666421052631579,0.11290322580645161,0,0,0,0,0,0,0,1,0,0,0,0,0,0
0,0,4793.0,6.6,97.0,2,82,0,2,2,False,False,True,False,False,3,0,0,0,0,0,0,0,0,0,0,0.1270421052631579,0.45161290322580644,0,0,0,0,0,0,0,1,0,0,0,0,0,0
0,0,2631.0,26.2,108.0,1,82,0,3,2,False,False,False,False,True,1,0,0,0,1,0,0,0,0,0,0,0.47691578947368424,0.7580645161290323,0,0,0,1,0,0,0,0,0,0,0,0,0,0
0,0,4616.0,15.3,196.0,2,82,0,0,1,True,False,False,False,False,1,0,0,0,0,0,0,0,0,1,0,0.19866315789473685,0.8064516129032258,0,0,0,0,0,0,0,0,1,0,0,0,0,0
1,0,1620.0,21.4,428.5,1,82,0,1,0,True,False,False,False,False,1,0,0,0,0,0,0,0,0,0,1,0.1051578947368421,0.7741935483870968,0,0,0,0,0,0,0,0,0,0,0,0,1,0
0,1,2961.0,2.3,191.0,0,81,0,1,0,False,False,False,False,True,3,0,0,0,0,0,0,0,0,0,0,0.5086315789473684,0.22580645161290322,0,1,0,0,0,0,0,0,0,0,1,0,0,0
0,1,11883.0,17.8,101.0,1,81,1,2,0,False,True,False,False,False,1,0,0,0,0,0,0,0,0,0,1,0.06125263157894737,0.7580645161290323,0,0,0,0,0,0,0,0,1,0,0,0,0,0
1,1,5078.0,29.9,302.0,3,81,0,2,2,False,False,False,True,False,1,0,0,0,1,0,0,0,0,0,0,0.06851578947368421,0.20967741935483872,0,0,0,0,0,1,0,0,0,0,0,0,0,0
1,0,3970.0,11.1,131.0,1,81,0,3,2,True,False,False,False,False,3,0,0,0,0,0,0,0,0,0,0,0.09156842105263158,0.3064516129032258,0,0,0,0,0,0,0,0,1,0,0,0,0,0
1,1,7816.0,7.9,256.0,3,81,0,3,1,True,False,False,False,False,0,0,0,0,0,0,0,0,0,0,0,0.14736842105263157,0.6612903225806451,0,0,0,0,0,0,0,0,0,0,0,0,1,0
0,0,8005.0,50.099999999999994,76.0,1,81,0,1,2,True,False,False,False,False,0,0,0,0,0,1,0,0,0,0,0,0.06734736842105263,0.20967741935483872,0,0,0,0,0,0,0,0,1,0,0,0,0,0
0,1,3006.0,19.0,197.0,2,81,0,4,0,False,False,False,True,False,1,0,0,0,1,0,0,0,0,0,0,0.25792631578947367,0.3870967741935484,0,0,0,1,0,0,0,0,0,0,0,0,0,0
1,0,2452.0,35.3,178.0,1,81,0,2,0,True,False,False,False,False,3,0,0,0,0,0,0,0,0,0,0,0.2514315789473684,0.04838709677419355,0,0,1,0,0,0,0,0,0,0,0,1,0,0
1,1,4925.0,8.6,164.0,5,81,0,1,1,True,False,False,False,False,2,0,1,1,0,0,0,0,0,0,0,0.30077894736842103,0.11290322580645161,0,0,0,0,0,0,0,0,0,0,0,0,1,0
0,1,3579.0,30.4,379.0,1,81,0,1,0,True,False,False,False,False,1,0,0,0,1,0,0,0,0,0,0,0.08443157894736843,0.7903225806451613,0,0,0,0,1,0,0,0,0,0,0,0,0,0
1,0,2127.0,30.5,253.0,0,81,0,1,1,True,False,False,False,False,1,0,0,0,0,0,1,0,0,0,0,0.08722105263157895,0.6774193548387096,0,0,0,0,0,0,0,0,0,0,0,0,1,0
1,0,6350.0,17.2,73.0,1,81,0,3,2,False,False,False,True,False,3,0,0,0,0,0,0,0,0,0,0,0.19845263157894738,0.5161290322580645,0,0,0,0,0,0,0,1,0,0,0,0,0,0
1,0,4365.0,31.6,257.0,0,81,0,3,0,False,True,False,False,False,3,0,0,0,0,0,0,0,0,0,0,0.22031578947368421,0.532258064516129,0,0,0,0,0,1,0,0,0,0,0,0,0,0
0,1,3235.0,3.3,38.0,2,81,0,3,0,False,False,False,False,True,0,0,0,0,0,1,0,0,0,0,0,0.4906526315789474,0.1774193548387097,0,0,0,0,0,1,0,0,0,0,0,0,0,0
0,0,4444.0,18.3,303.0,2,81,0,1,1,False,False,True,False,False,3,0,0,0,0,0,0,0,0,0,0,0.31456842105263155,0.43548387096774194,0,0,0,0,0,0,0,0,0,0,0,0,0,1
1,0,3056.0,39.0,360.0,1,81,0,2,1,True,False,False,False,False,2,0,1,1,0,0,0,0,0,0,0,0.04503157894736842,0.06451612903225806,0,0,1,0,0,0,0,0,0,0,0,0,0,1
0,0,5481.0,40.4,48.0,0,81,0,3,0,False,False,False,False,True,0,0,0,0,0,1,0,0,0,0,0,0.08717894736842105,0.6129032258064516,0,0,0,0,0,1,0,0,0,0,0,0,0,0
0,0,4730.0,5.3,268.0,0,81,0,1,0,True,False,False,False,False,1,0,0,0,0,0,1,0,0,0,0,0.1383157894736842,0.5,0,0,0,0,0,0,0,0,0,1,0,0,0,0
1,0,5421.0,15.6,83.0,2,81,0,0,2,True,False,False,False,False,0,0,0,0,0,1,0,0,0,0,0,0.17314736842105263,0.7903225806451613,0,0,0,0,0,0,0,0,0,0,1,0,0,0
1,1,10065.0,7.0,178.0,1,81,0,1,0,True,False,False,False,False,1,0,0,0,0,0,0,0,0,0,1,0.09907368421052631,0.4838709677419355,0,0,0,0,1,0,0,0,0,0,0,0,0,0
0,0,4100.0,40.0,234.0,0,81,0,2,0,True,False,False,False,False,3,0,0,0,0,0,0,0,0,0,0,0.5238631578947368,0.22580645161290322,0,0,0,0,0,0,0,0,0,0,1,0,0,0
0,0,3914.0,25.5,269.0,0,81,0,2,2,True,False,False,False,False,2,0,1,1,0,0,0,0,0,0,0,0.1236,0.7096774193548387,0,0,0,0,0,0,0,0,1,0,0,0,0,0
1,0,3083.0,33.8,301.0,0,81,0,0,2,False,False,False,True,False,0,0,0,0,0,0,0,0,0,0,0,0.18345263157894737,0.6935483870967742,0,0,0,0,1,0,0,0,0,0,0,0,0,0
1,1,5349.0,36.2,306.0,3,81,0,2,2,True,False,False,False,False,0,0,0,0,0,1,0,0,0,0,0,0.31750526315789473,0.1935483870967742,0,0,0,0,0,0,0,0,1,0,0,0,0,0
0,1,2095.0,25.6,161.0,3,81,0,3,1,True,False,False,False,False,3,0,0,0,0,0,0,0,0,0,0,0.1784842105263158,0.25806451612903225,0,0,0,0,1,0,0,0,0,0,0,0,0,0
1,0,4617.0,15.2,311.0,2,81,0,0,2,False,False,False,True,False,3,0,0,0,0,0,0,0,0,0,0,0.193,0.7903225806451613,0,0,0,0,0,0,1,0,0,0,0,0,0,0
1,0,4401.0,5.4,198.0,1,81,0,3,2,True,False,False,False,False,1,0,0,0,0,0,0,0,0,0,1,0.27263157894736845,0.41935483870967744,0,0,0,1,0,0,0,0,0,0,0,0,0,0
0,0,5301.0,14.1,132.0,1,81,0,0,1,True,False,False,False,False,1,0,0,0,0,0,0,0,0,0,1,0.47876842105263157,0.5161290322580645,0,0,0,0,0,0,0,0,0,1,0,0,0,0
1,0,3195.0,19.0,122.0,0,81,0,4,1,False,True,False,False,False,2,0,1,1,0,0,0,0,0,0,0,0.18918947368421052,0.6935483870967742,0,0,0,1,0,0,0,0,0,0,0,0,0,0
0,0,5543.0,11.4,324.0,1,81,0,3,1,True,False,False,False,False,0,0,0,0,0,1,0,0,0,0,0,0.1743684210526316,0.532258064516129,0,0,0,0,0,1,0,0,0,0,0,0,0,0
1,1,8489.0,8.7,139.0,2,80,0,4,0,False,False,False,False,True,1,0,0,0,0,0,0,0,0,0,1,0.10521052631578948,0.12903225806451613,0,0,0,0,0,0,0,0,0,0,0,0,0,1
1,1,6392.0,40.2,58.0,3,80,0,4,1,True,False,False,False,False,0,0,0,0,0,0,0,0,0,0,0,0.30596842105263156,0.4838709677419355,0,0,0,0,0,0,0,0,0,0,1,0,0,0
1,0,1822.0,23.5,185.0,2,80,0,2,2,True,False,False,False,False,1,0,0,0,1,0,0,0,0,0,0,0.2765263157894737,0.532258064516129,0,0,0,0,0,0,0,0,1,0,0,0,0,0
1,0,4710.0,25.7,252.0,1,80,0,2,0,False,False,True,False,False,1,0,0,0,1,0,0,0,0,0,0,0.47129473684210527,0.24193548387096775,0,0,0,0,0,0,0,0,0,0,0,0,1,0
0,1,4849.0,44.3,99.0,1,80,0,1,0,False,False,True,False,False,0,0,0,0,0,1,0,0,0,0,0,0.16550526315789474,0.3548387096774194,0,0,0,0,0,0,0,0,1,0,0,0,0,0
1,0,3704.0,14.1,377.0,0,80,0,3,2,True,False,False,False,False,3,0,0,0,0,0,0,0,0,0,0,0.48945263157894736,0.5483870967741935,0,0,0,0,0,1,0,0,0,0,0,0,0,0
0,0,4902.0,22.7,197.0,1,80,0,1,0,False,True,False,False,False,1,0,0,0,0,0,0,0,0,1,0,0.4484,0.1935483870967742,0,0,0,0,0,0,0,0,1,0,0,0,0,0
1,0,3478.0,16.4,229.0,0,80,0,0,0,False,False,False,True,False,1,0,0,0,0,0,1,0,0,0,0,0.21206315789473684,0.06451612903225806,0,0,1,0,0,0,0,0,0,0,1,0,0,0
1,1,3723.0,3.0,119.0,2,80,0,1,0,False,False,False,True,False,0,0,0,0,0,1,0,0,0,0,0,0.15734736842105262,0.7096774193548387,0,0,0,0,0,0,1,0,0,0,0,0,0,0
1,0,3763.0,19.6,182.0,2,80,0,2,2,False,False,False,True,False,0,0,0,0,0,0,0,0,0,0,0,0.20963157894736842,0.3225806451612903,0,0,0,0,0,0,0,1,0,0,0,0,0,0
0,1,6438.0,10.5,231.0,2,80,0,3,0,False,True,False,False,False,1,0,0,0,0,0,0,0,0,1,0,0.08187368421052632,0.6935483870967742,0,0,0,0,1,0,0,0,0,0,0,0,0,0
1,1,3082.0,18.9,166.0,2,80,0,4,0,True,False,False,False,False,0,0,0,0,0,0,0,0,0,0,0,0.6256842105263158,0.7903225806451613,0,0,0,1,0,0,0,0,0,0,0,0,0,0
1,1,2254.0,22.7,105.0,5,80,0,1,0,False,False,False,False,True,3,0,0,0,0,0,0,0,0,0,0,0.1412421052631579,0.2903225806451613,0,0,0,0,0,0,0,0,1,0,0,0,0,0
0,0,1961.0,29.4,339.0,0,80,0,1,0,True,False,False,False,False,0,0,0,0,0,1,0,0,0,0,0,0.27566315789473683,0.3387096774193548,0,0,0,0,0,0,1,0,0,0,0,0,0,0
1,0,2592.0,12.8,198.0,1,80,0,2,0,True,False,False,False,False,3,0,0,0,0,0,0,0,0,0,0,0.3058736842105263,0.8064516129032258,0,0,0,0,0,0,0,1,0,0,0,0,0,0
1,0,3325.0,8.9,250.0,2,80,0,2,2,True,False,False,False,False,0,0,0,0,0,1,0,0,0,0,0,0.37507368421052634,0.3548387096774194,0,0,0,0,0,0,0,0,0,0,0,0,1,0
1,0,3606.0,14.0,122.0,0,80,0,0,0,True,False,False,False,False,3,0,0,0,0,0,0,0,0,0,0,0.34930526315789473,0.2903225806451613,0,0,0,0,0,0,0,0,0,0,0,0,1,0
1,0,3166.0,35.2,14.0,0,80,0,1,1,False,False,True,False,False,1,0,0,0,1,0,0,0,0,0,0,0.2847789473684211,0.08064516129032258,0,0,0,0,0,0,0,0,0,0,0,1,0,0
1,0,5998.0,50.099999999999994,310.0,0,80,0,0,2,False,False,True,False,False,3,0,0,0,0,0,0,0,0,0,0,0.2251157894736842,0.6290322580645161,0,0,0,0,0,0,0,0,0,0,0,0,0,1
0,0,2554.0,33.9,94.0,1,80,0,2,2,False,False,False,False,True,2,0,1,1,0,0,0,0,0,0,0,0.09416842105263158,0.08064516129032258,0,0,0,0,0,0,0,1,0,0,0,0,0,0
0,1,13776.125,15.7,315.0,1,80,1,1,2,False,False,False,True,False,3,0,0,0,0,0,0,0,0,0,0,0.10632631578947369,0.08064516129032258,0,0,1,0,0,0,0,0,0,0,0,0,0,1
0,1,3022.0,2.1,234.0,3,80,0,1,2,False,True,False,False,False,0,0,0,0,0,1,0,0,0,0,0,0.09222105263157895,0.0967741935483871,0,0,1,0,0,0,0,0,0,1,0,0,0,0
0,1,5876.0,7.8,152.0,3,80,0,3,2,True,False,False,False,False,1,0,0,0,0,0,0,0,0,0,1,0.08601052631578947,0.5,0,0,0,0,0,1,0,0,0,0,0,0,0,0
1,1,4086.0,19.0,318.0,2,80,0,0,0,False,False,True,False,False,3,0,0,0,0,0,0,0,0,0,0,0.27235789473684213,0.46774193548387094,0,0,0,0,0,0,0,1,0,0,0,0,0,0
1,0,5621.0,32.5,144.0,1,80,0,2,0,True,False,False,False,False,1,0,0,0,0,0,0,0,0,0,1,0.30202105263157897,0.25806451612903225,0,0,0,1,0,0,0,0,0,0,0,0,0,0
0,0,7958.0,7.7,240.0,1,80,0,3,2,True,False,False,False,False,2,0,1,1,0,0,0,0,0,0,0,0.26473684210526316,0.6774193548387096,0,0,0,0,0,0,0,0,1,0,0,0,0,0
0,0,7007.0,10.0,168.0,0,80,0,2,0,False,False,True,False,False,2,0,1,1,0,0,0,0,0,0,0,0.3185578947368421,0.7419354838709677,0,0,0,0,0,0,0,0,0,0,0,1,0,0
0,0,1962.0,26.7,235.0,0,80,0,2,2,False,False,True,False,False,1,0,0,0,0,0,0,0,0,0,1,0.1752,0.06451612903225806,0,0,1,0,0,0,0,0,0,0,0,0,1,0
0,0,6364.0,26.9,48.0,1,80,0,2,2,True,False,False,False,False,3,0,0,0,0,0,0,0,0,0,0,0.12373684210526316,0.7419354838709677,0,0,0,0,0,0,0,0,0,0,1,0,0,0
0,0,1040.0,9.8,69.0,1,80,0,2,0,True,False,False,False,False,3,0,0,0,0,0,0,0,0,0,0,0.48553684210526316,0.6129032258064516,0,0,0,0,0,0,0,0,0,0,0,0,0,1
0,1,12084.0,10.7,281.0,3,79,0,2,2,True,False,False,False,False,1,0,0,0,0,0,0,0,0,1,0,0.11921052631578948,0.20967741935483872,0,0,0,0,0,0,0,0,0,0,0,0,0,1
1,1,11351.0,19.9,123.0,2,79,0,1,0,False,False,False,True,False,0,0,0,0,0,0,0,0,0,0,0,0.2735157894736842,0.03225806451612903,0,0,0,0,0,0,0,0,0,0,0,0,1,0
0,1,4033.0,26.7,236.0,2,79,0,0,0,False,False,False,False,True,3,0,0,0,0,0,0,0,0,0,0,0.5801684210526316,0.1935483870967742,0,0,0,0,0,1,0,0,0,0,0,0,0,0
0,0,7350.0,21.6,135.0,0,79,0,2,0,False,False,False,True,False,3,0,0,0,0,0,0,0,0,0,0,0.11568421052631579,0.3870967741935484,0,0,0,0,0,0,0,1,0,0,0,0,0,0
0,0,4370.0,10.2,196.0,1,79,0,3,2,True,False,False,False,False,3,0,0,0,0,0,0,0,0,0,0,0.08011578947368421,0.43548387096774194,0,0,0,1,0,0,0,0,0,0,0,0,0,0
1,1,12419.0,16.2,261.0,1,79,0,4,0,False,False,False,False,True,3,0,0,0,0,0,0,0,0,0,0,0.12793684210526315,0.25806451612903225,0,0,0,0,0,0,0,0,0,1,0,0,0,0
0,0,7756.0,15.1,162.0,2,79,0,3,1,True,False,False,False,False,0,0,0,0,0,1,0,0,0,0,0,0.22047368421052632,0.7419354838709677,0,0,0,1,0,0,0,0,0,0,0,0,0,0
1,0,3212.0,16.8,71.0,0,79,0,2,2,False,False,False,True,False,1,0,0,0,1,0,0,0,0,0,0,0.13891578947368421,0.08064516129032258,0,0,0,0,0,0,0,0,0,0,0,0,0,1
0,1,4620.0,16.9,32.0,1,79,0,3,0,False,False,True,False,False,3,0,0,0,0,0,0,0,0,0,0,0.055,0.6451612903225806,0,0,0,0,0,0,0,0,0,0,0,1,0,0
1,0,4219.0,15.8,17.0,0,79,0,3,2,False,True,False,False,False,1,0,0,0,0,0,0,0,0,1,0,0.102,0.46774193548387094,0,0,0,0,0,0,1,0,0,0,0,0,0,0
1,0,1044.0,41.8,97.0,1,79,0,2,2,False,False,True,False,False,3,0,0,0,0,0,0,0,0,0,0,0.06685263157894737,0.14516129032258066,0,0,0,0,0,0,0,1,0,0,0,0,0,0
0,1,6345.0,13.1,113.0,1,79,0,2,0,False,False,False,False,True,1,0,0,0,1,0,0,0,0,0,0,0.21265263157894737,0.7096774193548387,0,0,0,0,0,0,0,0,1,0,0,0,0,0
0,0,2638.0,11.1,48.0,0,79,0,2,0,True,False,False,False,False,1,0,0,0,1,0,0,0,0,0,0,0.039947368421052634,0.6290322580645161,0,0,0,0,0,0,0,0,0,1,0,0,0,0
0,1,3507.0,16.6,123.0,2,79,0,2,0,False,False,True,False,False,1,0,0,0,0,0,0,0,0,1,0,0.13029473684210527,0.22580645161290322,0,0,0,0,0,0,0,0,0,0,0,1,0,0
0,1,13776.125,33.6,355.0,2,79,0,4,0,True,False,False,False,False,0,0,0,0,0,1,0,0,0,0,0,0.5600421052631579,0.0967741935483871,0,0,1,0,0,0,0,0,0,0,1,0,0,0
1,0,6356.0,23.0,175.0,1,79,0,0,1,False,True,False,False,False,3,0,0,0,0,0,0,0,0,0,0,0.11617894736842105,0.03225806451612903,0,0,1,0,0,0,0,1,0,0,0,0,0,0
1,0,9936.0,10.5,234.0,1,79,0,3,2,False,False,False,False,True,0,0,0,0,0,1,0,0,0,0,0,0.21246315789473685,0.5967741935483871,0,0,0,0,0,0,1,0,0,0,0,0,0,0
1,1,2770.0,21.8,112.0,4,79,0,3,2,False,False,False,False,True,0,0,0,0,0,0,0,0,0,0,0,0.2603473684210526,0.3548387096774194,0,0,0,0,0,0,0,1,0,0,0,0,0,0
0,0,2580.0,16.8,119.0,1,79,0,1,0,False,False,False,True,False,3,0,0,0,0,0,0,0,0,0,0,0.15373684210526317,0.7903225806451613,0,0,0,0,0,0,0,0,0,0,0,1,0,0
1,0,2923.0,12.6,295.0,1,79,0,1,2,True,False,False,False,False,3,0,0,0,0,0,0,0,0,0,0,0.30898947368421054,0.7419354838709677,0,0,0,0,1,0,0,0,0,0,0,0,0,0
0,0,5382.0,39.4,159.0,0,79,0,0,1,True,False,False,False,False,2,0,1,1,0,0,0,0,0,0,0,0.515378947368421,0.14516129032258066,0,0,0,0,0,0,1,0,0,0,0,0,0,0
0,1,1915.0,12.6,150.0,3,79,0,3,1,True,False,False,False,False,1,0,0,0,0,0,0,0,0,1,0,0.2632315789473684,0.5645161290322581,0,0,0,0,0,0,0,0,0,0,0,0,1,0
0,0,3719.0,13.6,249.0,0,79,0,2,2,False,False,True,False,False,1,0,0,0,0,0,1,0,0,0,0,0.055189473684210524,0.24193548387096775,0,0,0,0,0,1,0,0,0,0,0,0,0,0
1,1,4762.0,17.7,428.5,2,79,0,3,0,True,False,False,False,False,1,0,0,0,1,0,0,0,0,0,0,0.12222105263157895,0.3225806451612903,0,0,0,0,1,0,0,0,0,0,0,0,0,0
0,1,3681.0,3.0,180.0,0,79,0,1,0,False,True,False,False,False,3,0,0,0,0,0,0,0,0,0,0,0.18406315789473685,0.5161290322580645,0,1,0,0,0,1,0,0,0,0,0,0,0,0
0,1,3822.0,29.3,73.0,1,79,0,2,0,False,True,False,False,False,1,0,0,0,0,0,1,0,0,0,0,0.11277894736842105,0.5645161290322581,0,0,0,0,0,0,0,0,0,0,0,0,1,0
0,0,7413.0,7.2,409.0,1,79,0,2,2,True,False,False,False,False,1,0,0,0,0,0,1,0,0,0,0,0.19228421052631578,0.3387096774193548,0,0,0,0,0,0,0,0,0,0,0,1,0,0
1,0,9321.0,6.0,136.0,1,79,0,2,1,False,False,True,False,False,3,0,0,0,0,0,0,0,0,0,0,0.40942105263157896,0.0967741935483871,0,0,0,0,0,1,0,0,0,0,0,0,0,0
1,1,3345.0,6.2,379.0,3,79,0,2,0,False,False,True,False,False,0,0,0,0,0,1,0,0,0,0,0,0.1895578947368421,0.3225806451612903,0,0,0,0,0,0,0,0,0,0,0,0,1,0
1,1,3962.0,20.4,428.5,2,79,0,0,0,True,False,False,False,False,2,0,1,1,0,0,0,0,0,0,0,0.32009473684210527,0.0,0,0,1,0,0,0,1,0,0,0,0,0,0,0
1,0,10666.0,23.1,170.0,0,78,0,0,0,True,False,False,False,False,1,0,0,0,0,0,0,0,0,1,0,0.4944,0.3225806451612903,0,0,0,0,0,0,0,1,0,0,0,0,0,0
1,0,9402.0,16.1,208.0,0,78,0,4,2,False,False,False,True,False,3,0,0,0,0,0,0,0,0,0,0,0.26065263157894736,0.532258064516129,0,0,0,0,0,0,0,0,0,1,0,0,0,0
1,0,9481.0,10.6,428.5,1,78,0,2,2,True,False,False,False,False,3,0,0,0,0,0,0,0,0,0,0,0.14670526315789473,0.3387096774193548,0,0,0,0,0,0,0,0,0,0,0,0,0,1
0,0,1563.0,35.8,274.0,0,78,0,1,0,True,False,False,False,False,1,0,0,0,1,0,0,0,0,0,0,0.5310631578947368,0.03225806451612903,0,0,1,0,0,0,0,1,0,0,0,0,0,0
0,1,2320.0,28.0,210.0,2,78,0,3,0,False,False,False,True,False,2,0,1,1,0,0,0,0,0,0,0,0.24965263157894738,0.1774193548387097,0,0,0,0,0,0,0,0,0,0,0,0,1,0
0,0,3895.0,14.0,199.0,2,78,0,2,2,True,False,False,False,False,1,0,0,0,1,0,0,0,0,0,0,0.4716947368421053,0.7580645161290323,0,0,0,0,0,0,0,0,1,0,0,0,0,0
1,1,2603.0,15.8,220.0,2,78,0,1,0,False,False,True,False,False,1,0,0,0,0,0,0,0,0,0,1,0.2649578947368421,0.1774193548387097,0,0,0,1,0,0,0,0,0,0,0,0,0,0
0,0,1103.0,41.6,247.0,1,78,0,3,1,False,False,True,False,False,3,0,0,0,0,0,0,0,0,0,0,0.7160328947368421,0.5806451612903226,0,0,0,0,0,0,0,0,0,0,1,0,0,0
0,0,1556.0,26.5,428.5,0,78,0,1,0,True,False,False,False,False,1,0,0,0,0,0,0,0,0,1,0,0.01396842105263158,0.12903225806451613,0,0,1,0,0,0,0,0,0,0,0,0,1,0
1,1,3804.0,29.9,367.0,2,78,0,0,0,True,False,False,False,False,1,0,0,0,0,0,0,0,0,1,0,0.09048421052631579,0.7258064516129032,0,0,0,0,0,0,0,0,1,0,0,0,0,0
1,0,2586.0,23.6,30.0,1,78,0,4,0,True,False,False,False,False,0,0,0,0,0,0,0,0,0,0,0,0.13534736842105263,0.6935483870967742,0,0,0,0,1,0,0,0,0,0,0,0,0,0
1,0,2369.0,10.7,131.0,1,78,0,1,0,True,False,False,False,False,1,0,0,0,0,0,0,0,0,1,0,0.47938947368421053,0.11290322580645161,0,0,0,0,0,0,0,1,0,0,0,0,0,0
1,1,3170.0,10.0,119.0,3,78,0,3,2,True,False,False,False,False,1,0,0,0,0,0,1,0,0,0,0,0.653621052631579,0.11290322580645161,0,0,0,0,1,0,0,0,0,0,0,0,0,0
1,1,2234.0,23.1,114.0,2,78,0,4,0,False,False,False,False,True,1,0,0,0,0,0,1,0,0,0,0,0.020894736842105265,0.3387096774193548,0,0,0,0,0,0,0,0,0,1,0,0,0,0
0,1,3266.0,4.8,134.0,1,78,0,4,0,False,False,True,False,False,1,0,0,0,0,0,0,0,0,0,1,0.2158421052631579,0.3064516129032258,0,0,0,1,0,0,0,0,0,0,0,0,0,0
1,0,4931.0,11.1,309.0,0,78,0,2,2,True,False,False,False,False,3,0,0,0,0,0,0,0,0,0,0,0.3926,0.6290322580645161,0,0,0,0,0,0,0,0,1,0,0,0,0,0
1,1,12915.0,24.9,257.0,1,78,0,1,0,True,False,False,False,False,1,0,0,0,1,0,0,0,0,0,0,0.16685263157894736,0.3548387096774194,0,0,0,0,1,0,0,0,0,0,0,0,0,0
0,1,5211.0,22.6,416.0,1,78,0,3,0,False,False,True,False,False,1,0,0,0,0,0,0,0,0,0,1,0.12233684210526316,0.7258064516129032,0,0,0,0,1,0,0,0,0,0,0,0,0,0
0,1,5420.0,13.3,275.0,2,78,0,1,0,False,False,False,True,False,0,0,0,0,0,1,0,0,0,0,0,0.14058947368421051,0.8064516129032258,0,0,0,0,0,0,1,0,0,0,0,0,0,0
1,0,4294.0,31.3,89.0,1,78,0,0,2,True,False,False,False,False,3,0,0,0,0,0,0,0,0,0,0,0.1321578947368421,0.5645161290322581,0,0,0,0,0,0,0,0,0,0,0,0,1,0
0,0,4846.0,11.5,401.0,2,78,0,0,2,True,False,False,False,False,3,0,0,0,0,0,0,0,0,0,0,0.1421578947368421,0.27419354838709675,0,0,0,0,1,0,0,0,0,0,0,0,0,0
0,0,4980.0,11.6,428.5,0,78,0,2,2,True,False,False,False,False,3,0,0,0,0,0,0,0,0,0,0,0.14798947368421053,0.532258064516129,0,0,0,0,0,1,0,0,0,0,0,0,0,0
1,0,5039.0,27.5,147.0,1,78,0,2,2,False,False,False,False,True,1,0,0,0,0,0,0,0,0,1,0,0.3051473684210526,0.12903225806451613,0,0,0,0,0,0,0,0,0,0,0,1,0,0
1,0,2624.0,40.1,99.0,2,78,0,2,2,True,False,False,False,False,3,0,0,0,0,0,0,0,0,0,0,0.5518105263157895,0.24193548387096775,0,0,0,0,0,0,0,0,0,1,0,0,0,0
1,0,4500.0,30.4,207.0,1,78,0,2,2,True,False,False,False,False,1,0,0,0,0,0,0,0,0,0,1,0.15081052631578948,0.16129032258064516,0,0,0,0,0,0,0,0,0,0,0,1,0,0
0,1,13776.125,41.5,299.0,0,78,1,1,0,False,False,False,False,True,3,0,0,0,0,0,0,0,0,0,0,0.0788421052631579,0.2903225806451613,0,1,0,0,0,0,0,0,0,0,0,0,0,1
0,0,3332.0,20.0,168.0,0,78,0,2,0,True,False,False,False,False,3,0,0,0,0,0,0,0,0,0,0,0.1821263157894737,0.43548387096774194,0,0,0,1,0,0,0,0,0,0,0,0,0,0
1,0,4376.0,43.5,257.0,1,78,0,2,0,False,False,False,False,True,3,0,0,0,0,0,0,0,0,0,0,0.4977684210526316,0.27419354838709675,0,0,0,0,0,0,0,1,0,0,0,0,0,0
1,0,2523.0,40.6,91.0,1,78,0,1,0,False,False,True,False,False,0,0,0,0,0,1,0,0,0,0,0,0.12135789473684211,0.41935483870967744,0,0,0,0,0,0,0,0,1,0,0,0,0,0
1,0,2762.0,10.3,398.0,0,78,0,2,0,False,False,True,False,False,1,0,0,0,0,0,0,0,0,0,1,0.06153684210526316,0.6290322580645161,0,0,0,0,0,0,0,0,0,0,0,0,1,0
1,1,2490.0,25.0,86.0,2,77,0,1,0,True,False,False,False,False,3,0,0,0,0,0,0,0,0,0,0,0.1706,0.0,0,0,0,0,0,1,0,0,0,0,0,0,0,0
0,1,13776.125,22.4,229.0,0,77,1,2,0,True,False,False,False,False,3,0,0,0,0,0,0,0,0,0,0,0.05414736842105263,0.12903225806451613,0,1,1,0,0,0,0,0,0,0,1,0,0,0
1,0,3379.0,11.4,202.0,1,77,0,2,1,True,False,False,False,False,3,0,0,0,0,0,0,0,0,0,0,0.43190526315789474,0.20967741935483872,0,0,0,0,0,0,0,1,0,0,0,0,0,0
0,0,7794.0,16.3,110.0,2,77,0,2,1,True,False,False,False,False,1,0,0,0,0,0,1,0,0,0,0,0.36874736842105266,0.3870967741935484,0,0,0,0,0,0,1,0,0,0,0,0,0,0
0,1,6780.0,3.1,136.0,2,77,0,1,1,True,False,False,False,False,1,0,0,0,0,0,0,0,0,1,0,0.40057894736842103,0.1935483870967742,0,0,0,0,1,0,0,0,0,0,0,0,0,0
1,1,12234.0,26.7,171.0,0,77,0,1,0,True,False,False,False,False,1,0,0,0,1,0,0,0,0,0,0,0.08701052631578947,0.7903225806451613,0,1,0,0,0,0,0,0,0,1,0,0,0,0
1,0,5782.0,22.4,83.0,1,77,0,2,2,True,False,False,False,False,2,0,1,1,0,0,0,0,0,0,0,0.21686315789473684,0.5483870967741935,0,0,0,1,0,0,0,0,0,0,0,0,0,0
0,1,5971.0,19.9,333.0,2,77,0,0,0,False,False,False,False,True,3,0,0,0,0,0,0,0,0,0,0,0.1966736842105263,0.04838709677419355,0,0,1,1,0,0,0,0,0,0,0,0,0,0
0,0,10482.0,20.5,401.0,0,77,0,3,0,False,False,True,False,False,0,0,0,0,0,0,0,0,0,0,0,0.4587263157894737,0.5161290322580645,0,0,0,0,0,0,0,0,0,0,0,1,0,0
0,1,9175.0,21.9,187.0,2,77,0,3,0,True,False,False,False,False,0,0,0,0,0,0,0,0,0,0,0,0.12844210526315789,0.41935483870967744,0,0,0,1,0,0,0,0,0,0,0,0,0,0
1,0,7177.0,28.9,127.0,0,77,0,2,1,True,False,False,False,False,3,0,0,0,0,0,0,0,0,0,0,0.32622105263157897,0.27419354838709675,0,0,0,0,0,0,0,0,1,0,0,0,0,0
1,0,6663.0,11.3,350.0,0,77,0,2,1,True,False,False,False,False,3,0,0,0,0,0,0,0,0,0,0,0.3490315789473684,0.1774193548387097,0,0,0,0,0,0,1,0,0,0,0,0,0,0
0,0,1308.0,14.0,104.0,0,77,0,3,1,True,False,False,False,False,1,0,0,0,0,0,0,0,0,1,0,0.37162105263157896,0.016129032258064516,0,0,0,0,0,0,0,0,0,0,0,1,0,0
0,1,3039.0,2.2,428.5,0,77,0,3,0,True,False,False,False,False,0,0,0,0,0,0,0,0,0,0,0,0.19101052631578946,0.5967741935483871,0,1,0,0,0,1,0,0,0,0,0,0,0,0
1,0,1141.0,44.6,185.0,1,77,0,3,2,True,False,False,False,False,0,0,0,0,0,1,0,0,0,0,0,0.4122421052631579,0.5967741935483871,0,0,0,0,0,0,0,0,0,0,1,0,0,0
0,0,2927.0,14.2,78.0,1,77,0,2,0,False,False,False,True,False,1,0,0,0,0,0,0,0,0,0,1,0.13781052631578947,0.7741935483870968,0,0,0,0,0,0,0,0,0,1,0,0,0,0
1,1,7565.0,5.9,66.0,1,77,0,2,0,False,False,False,True,False,2,0,1,1,0,0,0,0,0,0,0,0.14290526315789473,0.14516129032258066,0,0,0,0,0,0,0,0,0,0,0,0,1,0
1,1,3689.0,21.1,187.0,2,77,0,3,0,False,False,False,False,True,1,0,0,0,0,0,0,0,0,1,0,0.1984,0.43548387096774194,0,0,0,0,0,0,0,0,0,0,1,0,0,0
1,1,4418.0,23.1,94.0,3,77,0,3,2,False,False,False,False,True,1,0,0,0,1,0,0,0,0,0,0,0.19938947368421053,0.3064516129032258,0,0,0,0,0,0,0,1,0,0,0,0,0,0
0,0,8107.0,13.7,230.0,1,77,0,2,1,True,False,False,False,False,1,0,0,0,1,0,0,0,0,0,0,0.23429473684210525,0.6935483870967742,0,0,0,0,0,0,0,0,0,0,1,0,0,0
0,0,5449.0,31.4,147.0,1,77,0,2,0,True,False,False,False,False,1,0,0,0,1,0,0,0,0,0,0,0.25530526315789476,0.8064516129032258,0,0,0,0,0,0,0,1,0,0,0,0,0,0
1,1,11613.0,26.3,125.0,1,77,0,1,0,False,False,False,True,False,0,0,0,0,0,1,0,0,0,0,0,0.2918,0.3225806451612903,0,0,0,0,0,0,0,0,0,0,0,0,0,1
0,0,4456.0,30.0,315.0,1,77,0,2,2,True,False,False,False,False,2,0,1,1,0,0,0,0,0,0,0,0.12822105263157896,0.03225806451612903,0,0,1,0,0,0,0,0,0,0,1,0,0,0
1,0,6836.0,13.3,73.0,2,77,0,2,2,False,False,False,False,True,0,0,0,0,0,0,0,0,0,0,0,0.5226315789473684,0.7580645161290323,0,0,0,0,1,0,0,0,0,0,0,0,0,0
1,0,4593.0,5.7,84.0,1,77,0,1,2,False,False,False,False,True,3,0,0,0,0,0,0,0,0,0,0,0.2751789473684211,0.12903225806451613,0,0,0,0,0,0,0,0,0,1,0,0,0,0
1,0,7797.0,16.3,357.0,0,77,0,2,0,True,False,False,False,False,3,0,0,0,0,0,0,0,0,0,0,0.4928421052631579,0.3225806451612903,0,0,0,0,0,0,0,0,0,0,0,0,0,1
0,1,13776.125,1.9,94.0,1,77,1,2,0,False,False,False,False,True,1,0,0,0,0,0,0,0,0,1,0,0.04218947368421053,0.7741935483870968,0,0,0,0,0,0,0,0,0,0,0,0,0,1
0,1,13776.125,22.4,124.0,3,77,0,0,0,False,False,False,True,False,2,0,1,1,0,0,0,0,0,0,0,0.23282105263157896,0.16129032258064516,0,0,0,0,1,0,0,0,0,0,0,0,0,0
1,1,5518.0,12.3,255.0,2,77,0,2,0,False,False,True,False,False,0,0,0,0,0,1,0,0,0,0,0,0.07081052631578948,0.5161290322580645,0,0,0,0,0,0,0,0,1,0,0,0,0,0
1,0,2327.0,18.4,398.0,1,77,0,2,2,True,False,False,False,False,1,0,0,0,1,0,0,0,0,0,0,0.6102736842105263,0.7258064516129032,0,0,0,0,0,0,0,0,1,0,0,0,0,0
0,0,3665.0,21.2,74.0,2,76,0,2,2,False,False,False,True,False,1,0,0,0,0,0,1,0,0,0,0,0.14029473684210525,0.03225806451612903,0,0,0,1,0,0,0,0,0,0,0,0,0,0
0,0,3711.0,5.5,274.0,2,76,0,1,2,False,False,True,False,False,1,0,0,0,0,0,0,0,0,0,1,0.1773894736842105,0.3548387096774194,0,0,0,0,0,0,0,0,0,0,0,0,0,1
0,1,3756.0,13.7,238.0,2,76,0,1,0,False,False,False,True,False,3,0,0,0,0,0,0,0,0,0,0,0.5674315789473684,0.04838709677419355,0,0,1,0,0,0,0,0,0,1,0,0,0,0
0,1,4065.0,1.7,250.0,1,76,0,1,0,False,False,False,True,False,1,0,0,0,0,0,1,0,0,0,0,0.001568421052631579,0.6612903225806451,0,0,0,0,0,0,0,0,0,1,0,0,0,0
0,1,5427.0,17.5,78.0,2,76,0,0,0,False,True,False,False,False,3,0,0,0,0,0,0,0,0,0,0,0.7160328947368421,0.45161290322580644,0,0,0,0,0,0,0,1,0,0,0,0,0,0
1,0,2508.0,9.3,204.0,0,76,0,2,2,True,False,False,False,False,0,0,0,0,0,0,0,0,0,0,0,0.3048526315789474,0.24193548387096775,0,0,0,0,0,1,0,0,0,0,0,0,0,0
1,0,4935.0,12.4,212.0,0,76,0,2,1,False,False,False,True,False,1,0,0,0,1,0,0,0,0,0,0,0.19373684210526315,0.7258064516129032,0,0,0,0,0,0,0,0,0,1,0,0,0,0
1,1,8058.0,13.2,176.0,3,76,0,4,1,True,False,False,False,False,0,0,0,0,0,0,0,0,0,0,0,0.45658947368421055,0.6129032258064516,0,0,0,0,0,1,0,0,0,0,0,0,0,0
0,0,3333.0,16.2,96.0,2,76,0,2,1,False,False,True,False,False,3,0,0,0,0,0,0,0,0,0,0,0.3894105263157895,0.14516129032258066,0,0,0,0,0,0,0,0,0,0,0,0,1,0
0,1,5842.0,3.1,190.0,1,76,0,1,0,True,False,False,False,False,1,0,0,0,0,0,0,0,0,0,1,0.16594736842105262,0.6612903225806451,0,0,0,0,0,0,0,0,1,0,0,0,0,0
1,1,5555.0,32.0,76.0,2,76,0,0,0,True,False,False,False,False,3,0,0,0,0,0,0,0,0,0,0,0.5068526315789473,0.6612903225806451,0,0,0,0,1,0,0,0,0,0,0,0,0,0
0,0,9143.0,9.3,253.0,1,76,0,2,1,True,False,False,False,False,3,0,0,0,0,0,0,0,0,0,0,0.21646315789473683,0.5806451612903226,0,0,0,0,0,0,0,0,0,0,0,0,0,1
0,1,7200.0,50.099999999999994,152.0,1,76,0,0,0,True,False,False,False,False,3,0,0,0,0,0,0,0,0,0,0,0.14741052631578946,0.6451612903225806,0,0,0,0,0,0,0,0,0,0,1,0,0,0
0,0,2253.0,23.5,310.0,0,76,0,1,0,False,False,False,True,False,0,0,0,0,0,1,0,0,0,0,0,0.3668,0.1935483870967742,0,0,0,0,0,0,0,0,0,0,0,0,0,1
1,1,4119.0,7.0,212.0,2,76,0,4,0,True,False,False,False,False,0,0,0,0,0,0,0,0,0,0,0,0.47674736842105264,0.5483870967741935,0,0,0,0,0,0,0,0,0,0,0,1,0,0
0,0,6767.0,28.7,141.0,1,76,0,2,1,True,False,False,False,False,1,0,0,0,0,0,1,0,0,0,0,0.10125263157894737,0.5806451612903226,0,0,0,0,0,0,0,0,0,0,0,0,0,1
1,1,7579.0,21.9,116.0,4,76,0,2,1,True,False,False,False,False,3,0,0,0,0,0,0,0,0,0,0,0.1619157894736842,0.3548387096774194,0,0,0,0,0,0,0,0,0,0,0,1,0,0
1,0,4077.0,13.3,110.0,0,76,0,3,0,True,False,False,False,False,3,0,0,0,0,0,0,0,0,0,0,0.11805263157894737,0.08064516129032258,0,0,0,0,0,0,0,0,0,0,0,1,0,0
0,1,6154.0,13.2,206.0,2,76,0,1,2,True,False,False,False,False,3,0,0,0,0,0,0,0,0,0,0,0.13116842105263157,0.24193548387096775,0,0,0,0,0,1,0,0,0,0,0,0,0,0
1,0,6313.0,6.1,209.0,0,76,0,4,1,True,False,False,False,False,1,0,0,0,0,0,0,0,0,1,0,0.5835894736842105,0.04838709677419355,0,0,1,0,0,1,0,0,0,0,0,0,0,0
1,0,2676.0,16.8,127.0,1,76,0,2,0,False,False,True,False,False,2,0,1,1,0,0,0,0,0,0,0,0.16537894736842104,0.5967741935483871,0,0,0,0,1,0,0,0,0,0,0,0,0,0
0,1,7619.0,26.3,292.0,1,76,0,2,0,True,False,False,False,False,0,0,0,0,0,0,0,0,0,0,0,0.1782315789473684,0.8064516129032258,0,0,0,0,0,0,0,0,1,0,0,0,0,0
1,0,3299.0,10.3,195.0,0,76,0,1,0,True,False,False,False,False,3,0,0,0,0,0,0,0,0,0,0,0.26442105263157895,0.3548387096774194,0,0,0,0,0,0,0,0,1,0,0,0,0,0
0,1,8443.0,23.4,55.0,2,76,0,1,1,True,False,False,False,False,1,0,0,0,0,0,0,0,0,1,0,0.09365263157894736,0.7419354838709677,0,0,0,0,0,0,0,1,0,0,0,0,0,0
0,1,1668.0,50.099999999999994,214.0,2,76,0,1,0,False,False,True,False,False,3,0,0,0,0,0,0,0,0,0,0,0.4031578947368421,0.22580645161290322,0,0,0,0,0,0,0,0,1,0,0,0,0,0
1,0,5460.0,30.0,203.0,1,76,0,0,1,False,False,False,False,True,1,0,0,0,1,0,0,0,0,0,0,0.49074736842105265,0.5806451612903226,0,0,0,0,0,0,0,0,0,0,1,0,0,0
0,0,8036.0,10.8,164.0,1,76,0,1,0,False,False,True,False,False,2,0,1,1,0,0,0,0,0,0,0,0.3133157894736842,0.3064516129032258,0,0,0,0,0,0,0,0,0,0,0,1,0,0
1,0,3601.0,43.9,141.0,1,76,0,2,1,True,False,False,False,False,1,0,0,0,0,0,1,0,0,0,0,0.1741578947368421,0.8064516129032258,0,0,0,0,0,0,0,1,0,0,0,0,0,0
0,0,6390.0,17.6,166.0,1,76,0,2,2,False,False,True,False,False,0,0,0,0,0,1,0,0,0,0,0,0.08413684210526316,0.7096774193548387,0,0,0,0,0,0,0,0,0,0,1,0,0,0
0,1,7961.0,15.5,49.0,2,76,0,1,2,False,False,False,True,False,1,0,0,0,0,0,1,0,0,0,0,0.12012631578947368,0.5967741935483871,0,0,0,0,0,0,0,0,1,0,0,0,0,0
1,0,2233.0,2.8,261.0,1,75,0,2,1,False,False,True,False,False,1,0,0,0,0,0,1,0,0,0,0,0.2798842105263158,0.7419354838709677,0,0,0,0,0,0,0,0,1,0,0,0,0,0
0,1,13776.125,6.2,110.0,3,75,0,3,2,True,False,False,False,False,1,0,0,0,0,0,0,0,0,0,1,0.12263157894736842,0.3709677419354839,0,0,0,0,0,0,0,1,0,0,0,0,0,0
0,0,7584.0,9.8,203.0,0,75,0,1,0,False,False,True,False,False,3,0,0,0,0,0,0,0,0,0,0,0.5401368421052631,0.08064516129032258,0,0,1,0,1,0,0,0,0,0,0,0,0,0
1,0,4885.0,5.4,159.0,0,75,0,1,0,True,False,False,False,False,3,0,0,0,0,0,0,0,0,0,0,0.1752421052631579,0.3870967741935484,0,0,0,0,0,0,0,0,0,0,0,0,0,1
1,0,13776.125,13.2,44.0,1,75,0,1,1,False,False,False,True,False,0,0,0,0,0,0,0,0,0,0,0,0.7160328947368421,0.1774193548387097,0,0,0,0,0,0,0,1,0,0,0,0,0,0
0,0,4899.0,23.1,156.0,2,75,0,2,1,False,True,False,False,False,1,0,0,0,1,0,0,0,0,0,0,0.2553684210526316,0.41935483870967744,0,0,0,0,0,0,0,0,0,0,0,0,1,0
1,0,4647.0,33.6,103.0,0,75,0,3,0,False,False,True,False,False,1,0,0,0,0,0,0,0,0,0,1,0.18422105263157895,0.5483870967741935,0,0,0,1,0,0,0,0,0,0,0,0,0,0
0,1,7647.0,22.2,208.0,3,75,0,0,2,True,False,False,False,False,3,0,0,0,0,0,0,0,0,0,0,0.06287368421052632,0.25806451612903225,0,0,0,0,0,0,0,0,0,0,0,1,0,0
1,0,5451.0,24.9,87.0,1,75,0,2,0,False,False,False,True,False,3,0,0,0,0,0,0,0,0,0,0,0.42822105263157895,0.6612903225806451,0,0,0,0,1,0,0,0,0,0,0,0,0,0
1,0,855.0,25.6,125.0,0,75,0,2,2,False,False,True,False,False,0,0,0,0,0,1,0,0,0,0,0,0.42122105263157894,0.3064516129032258,0,0,0,0,0,0,0,0,0,0,0,1,0,0
0,1,13776.125,13.9,151.0,3,75,0,1,1,True,False,False,False,False,1,0,0,0,0,0,1,0,0,0,0,0.12148421052631579,0.5483870967741935,0,0,0,0,0,0,0,0,0,0,0,1,0,0
1,0,3029.0,43.1,128.0,0,75,0,0,0,True,False,False,False,False,0,0,0,0,0,1,0,0,0,0,0,0.08777894736842105,0.8064516129032258,0,0,0,0,0,0,0,0,1,0,0,0,0,0
0,0,5768.0,19.5,146.0,2,75,0,3,2,False,False,True,False,False,3,0,0,0,0,0,0,0,0,0,0,0.13116842105263157,0.16129032258064516,0,0,0,0,0,0,0,0,0,0,0,0,0,1
0,0,3604.0,13.6,349.0,0,75,0,3,2,True,False,False,False,False,3,0,0,0,0,0,0,0,0,0,0,0.17429473684210525,0.06451612903225806,0,0,1,0,0,0,0,1,0,0,0,0,0,0
0,0,4135.0,8.5,53.0,0,75,0,0,0,False,False,False,False,True,1,0,0,0,0,0,1,0,0,0,0,0.43949473684210527,0.04838709677419355,0,0,0,0,0,0,0,0,0,0,0,0,1,0
1,1,2166.0,34.6,312.0,2,75,0,2,0,True,False,False,False,False,1,0,0,0,1,0,0,0,0,0,0,0.41981052631578947,0.06451612903225806,0,0,1,0,0,0,0,0,0,1,0,0,0,0
1,0,4816.0,29.0,63.0,0,75,0,3,1,False,False,True,False,False,1,0,0,0,0,0,0,0,0,1,0,0.29841052631578946,0.6451612903225806,0,0,0,0,0,0,0,0,0,0,0,1,0,0
1,1,3401.0,5.9,49.0,3,75,0,2,0,True,False,False,False,False,1,0,0,0,0,0,0,0,0,0,1,0.0319578947368421,0.11290322580645161,0,0,0,0,0,1,0,0,0,0,0,0,0,0
0,0,1189.0,15.8,279.0,1,75,0,3,1,True,False,False,False,False,3,0,0,0,0,0,0,0,0,0,0,0.3469894736842105,0.6774193548387096,0,0,0,0,0,1,0,0,0,0,0,0,0,0
1,1,2049.0,32.4,228.0,3,75,0,2,0,False,False,True,False,False,1,0,0,0,0,0,0,0,0,1,0,0.12163157894736842,0.7741935483870968,0,0,0,0,0,0,0,0,0,0,1,0,0,0
1,0,3835.0,33.4,362.0,0,75,0,2,0,False,False,True,False,False,0,0,0,0,0,0,0,0,0,0,0,0.08603157894736842,0.03225806451612903,0,0,1,0,0,0,0,1,0,0,0,0,0,0
1,0,8852.0,21.6,428.5,1,75,0,3,0,False,False,False,False,True,3,0,0,0,0,0,0,0,0,0,0,0.3927052631578947,0.6290322580645161,0,0,0,0,0,1,0,0,0,0,0,0,0,0
0,0,2925.0,19.6,34.0,0,75,0,1,0,False,False,False,True,False,1,0,0,0,0,0,1,0,0,0,0,0.7100947368421052,0.16129032258064516,0,0,0,0,0,0,0,0,0,1,0,0,0,0
1,0,7727.0,17.3,428.5,1,75,0,1,1,False,False,True,False,False,1,0,0,0,0,0,0,0,0,0,1,0.15558947368421053,0.12903225806451613,0,0,1,0,1,0,0,0,0,0,0,0,0,0
1,0,1551.0,38.1,128.0,2,75,0,1,2,True,False,False,False,False,1,0,0,0,0,0,0,0,0,0,1,0.11361052631578947,0.46774193548387094,0,0,0,0,0,0,0,0,0,0,0,0,1,0
1,1,13776.125,35.1,219.0,2,75,0,3,0,True,False,False,False,False,0,0,0,0,0,1,0,0,0,0,0,0.24193684210526314,0.06451612903225806,0,0,1,0,0,0,0,0,1,0,0,0,0,0
1,0,5214.0,16.2,303.0,2,75,0,3,2,False,False,False,True,False,1,0,0,0,0,0,1,0,0,0,0,0.5892526315789474,0.0,0,0,1,0,0,0,0,0,1,0,0,0,0,0
1,1,2333.0,3.0,181.0,2,75,0,1,0,True,False,False,False,False,1,0,0,0,1,0,0,0,0,0,0,0.18438947368421052,0.7903225806451613,0,0,0,0,0,0,0,0,0,0,0,1,0,0
1,0,6473.0,5.5,74.0,0,75,0,1,2,True,False,False,False,False,3,0,0,0,0,0,0,0,0,0,0,0.4646842105263158,0.3709677419354839,0,0,0,1,0,0,0,0,0,0,0,0,0,0
1,0,5830.0,9.7,98.0,0,75,0,3,0,True,False,False,False,False,1,0,0,0,0,0,0,0,0,0,1,0.698978947368421,0.3225806451612903,0,0,0,1,0,0,0,0,0,0,0,0,0,0
1,1,2808.0,19.8,232.0,3,74,0,2,0,True,False,False,False,False,1,0,0,0,1,0,0,0,0,0,0,0.11227368421052632,0.46774193548387094,0,0,0,0,0,0,0,0,0,0,0,0,0,1
0,0,13776.125,26.5,69.0,0,74,0,0,0,False,False,False,True,False,1,0,0,0,0,0,0,0,0,0,1,0.4228736842105263,0.5,0,0,0,0,0,1,0,0,0,0,0,0,0,0
0,0,13558.0,17.7,173.0,2,74,0,2,1,True,False,False,False,False,1,0,0,0,0,0,1,0,0,0,0,0.6080421052631579,0.7741935483870968,0,0,0,0,0,0,0,0,0,0,0,0,1,0
1,0,2639.0,10.6,168.0,0,74,0,2,0,False,False,False,False,True,1,0,0,0,0,0,1,0,0,0,0,0.4215473684210526,0.7903225806451613,0,0,0,0,0,0,1,0,0,0,0,0,0,0
1,0,5233.0,16.0,78.0,0,74,0,1,0,True,False,False,False,False,1,0,0,0,1,0,0,0,0,0,0,0.13130526315789473,0.7741935483870968,0,0,0,0,0,0,0,1,0,0,0,0,0,0
1,0,9715.0,5.8,262.0,2,74,0,0,2,False,False,False,False,True,3,0,0,0,0,0,0,0,0,0,0,0.2803684210526316,0.6774193548387096,0,0,0,0,0,0,0,0,0,0,0,0,0,1
0,0,7417.0,20.1,132.0,0,74,0,1,0,False,False,False,True,False,0,0,0,0,0,1,0,0,0,0,0,0.28633684210526317,0.3548387096774194,0,0,0,0,0,0,0,1,0,0,0,0,0,0
1,0,13776.125,39.7,219.0,0,74,0,0,0,False,False,False,True,False,1,0,0,0,0,0,0,0,0,0,1,0.5768105263157894,0.4838709677419355,0,0,0,0,0,0,0,0,0,1,0,0,0,0
0,0,13776.125,12.5,127.0,0,74,0,1,1,True,False,False,False,False,0,0,0,0,0,1,0,0,0,0,0,0.4029263157894737,0.8064516129032258,0,0,0,0,0,0,0,1,0,0,0,0,0,0
0,0,8673.0,11.3,198.0,1,74,0,2,2,True,False,False,False,False,1,0,0,0,0,0,0,0,0,1,0,0.6825578947368421,0.0,0,0,1,0,1,0,0,0,0,0,0,0,0,0
0,0,3502.0,31.1,95.0,1,74,0,4,0,False,False,True,False,False,1,0,0,0,0,0,1,0,0,0,0,0.38916842105263155,0.5483870967741935,0,0,0,0,0,0,1,0,0,0,0,0,0,0
1,0,4971.0,19.9,141.0,1,74,0,2,1,True,False,False,False,False,1,0,0,0,0,0,0,0,0,0,1,0.16949473684210525,0.3225806451612903,0,0,0,0,0,0,0,0,0,0,0,1,0,0
1,0,4133.0,19.2,67.0,1,74,0,1,1,True,False,False,False,False,1,0,0,0,0,0,0,0,0,0,1,0.1001578947368421,0.24193548387096775,0,0,0,0,0,0,0,0,0,0,0,0,0,1
0,0,8418.0,15.3,207.0,1,74,0,2,1,True,False,False,False,False,0,0,0,0,0,0,0,0,0,0,0,0.2587052631578947,0.3225806451612903,0,0,0,1,0,0,0,0,0,0,0,0,0,0
0,1,13776.125,45.1,71.0,3,74,0,0,2,True,False,False,False,False,1,0,0,0,0,0,0,0,0,0,1,0.15845263157894737,0.27419354838709675,0,0,0,0,0,0,0,0,0,1,0,0,0,0
0,0,4093.0,22.4,90.0,0,74,0,0,1,True,False,False,False,False,1,0,0,0,1,0,0,0,0,0,0,0.6434315789473685,0.16129032258064516,0,0,0,0,0,0,0,0,0,0,0,1,0,0
1,0,1863.0,5.9,274.0,1,74,0,1,0,False,True,False,False,False,2,0,1,1,0,0,0,0,0,0,0,0.2685578947368421,0.0,0,0,1,0,0,1,0,0,0,0,0,0,0,0
1,0,9772.0,19.5,137.0,0,74,0,1,0,True,False,False,False,False,0,0,0,0,0,0,0,0,0,0,0,0.13402105263157896,0.0,0,0,0,0,0,0,0,0,0,0,0,0,1,0
1,1,4427.0,12.6,199.0,3,74,0,1,1,True,False,False,False,False,3,0,0,0,0,0,0,0,0,0,0,0.3950105263157895,0.5483870967741935,0,0,0,0,0,0,1,0,0,0,0,0,0,0
1,0,2678.0,17.6,259.0,1,74,0,4,0,True,False,False,False,False,3,0,0,0,0,0,0,0,0,0,0,0.2102,0.5645161290322581,0,0,0,0,1,0,0,0,0,0,0,0,0,0
1,0,6497.0,28.0,111.0,0,74,0,3,1,False,False,True,False,False,3,0,0,0,0,0,0,0,0,0,0,0.20007368421052632,0.45161290322580644,0,0,0,0,0,0,0,0,0,0,1,0,0,0
0,0,9970.0,47.1,428.5,0,74,0,1,0,False,False,False,False,True,1,0,0,0,1,0,0,0,0,0,0,0.22557894736842105,0.6612903225806451,0,0,0,0,0,0,1,0,0,0,0,0,0,0
1,0,5985.0,23.5,235.0,0,74,0,0,0,True,False,False,False,False,2,0,1,1,0,0,0,0,0,0,0,0.2677052631578947,0.5645161290322581,0,0,0,0,0,0,0,1,0,0,0,0,0,0
1,0,3664.0,23.5,79.0,1,74,0,1,0,True,False,False,False,False,1,0,0,0,1,0,0,0,0,0,0,0.27676842105263155,0.3387096774193548,0,0,0,0,0,0,0,0,1,0,0,0,0,0
0,1,13776.125,31.0,101.0,0,74,1,1,0,True,False,False,False,False,1,0,0,0,0,0,1,0,0,0,0,0.045094736842105264,0.6129032258064516,0,1,0,0,0,0,0,0,0,0,0,0,0,1
1,0,4433.0,2.6,81.0,0,74,0,2,1,False,False,False,False,True,2,0,1,1,0,0,0,0,0,0,0,0.4093684210526316,0.7258064516129032,0,0,0,0,0,0,1,0,0,0,0,0,0,0
0,0,3570.0,28.4,169.0,0,74,0,1,2,False,False,False,True,False,3,0,0,0,0,0,0,0,0,0,0,0.16526315789473683,0.3870967741935484,0,0,0,0,0,0,0,0,0,0,0,0,1,0
0,0,4646.0,21.3,169.0,0,74,0,3,1,True,False,False,False,False,1,0,0,0,0,0,0,0,0,0,1,0.47302105263157895,0.3548387096774194,0,0,0,0,1,0,0,0,0,0,0,0,0,0
0,0,4186.0,18.3,129.0,1,74,0,0,2,True,False,False,False,False,1,0,0,0,1,0,0,0,0,0,0,0.3300526315789474,0.3709677419354839,0,0,0,0,0,0,0,0,0,0,0,0,1,0
1,0,3388.0,10.4,104.0,0,74,0,1,0,False,False,True,False,False,2,0,1,1,0,0,0,0,0,0,0,0.5511473684210526,0.45161290322580644,0,0,0,0,0,0,0,1,0,0,0,0,0,0
0,0,6174.0,35.4,195.0,1,73,0,0,2,True,False,False,False,False,1,0,0,0,0,0,1,0,0,0,0,0.24664210526315788,0.8225806451612904,0,0,0,0,0,0,0,0,0,0,0,1,0,0
1,0,4310.0,17.9,306.0,1,73,0,2,0,False,False,True,False,False,1,0,0,0,0,0,1,0,0,0,0,0.3663368421052632,0.1774193548387097,0,0,0,0,0,0,0,0,0,0,0,0,0,1
0,1,6418.0,6.3,89.0,2,73,0,3,0,False,False,False,False,True,1,0,0,0,0,0,1,0,0,0,0,0.25696842105263157,0.1774193548387097,0,0,0,0,0,0,0,1,0,0,0,0,0,0
1,1,4238.0,11.6,114.0,4,73,0,3,1,True,False,False,False,False,1,0,0,0,1,0,0,0,0,0,0,0.12392631578947369,0.3548387096774194,0,0,0,0,0,0,0,0,0,0,1,0,0,0
1,1,8851.0,5.4,138.0,2,73,0,2,1,False,False,False,False,True,3,0,0,0,0,0,0,0,0,0,0,0.18161052631578947,0.45161290322580644,0,0,0,0,0,0,0,0,0,0,0,1,0,0
1,0,2195.0,40.3,150.0,0,73,0,1,2,True,False,False,False,False,0,0,0,0,0,0,0,0,0,0,0,0.20304210526315788,0.5806451612903226,0,0,0,0,0,0,1,0,0,0,0,0,0,0
0,0,5236.0,17.9,251.0,1,73,0,3,1,False,False,True,False,False,1,0,0,0,1,0,0,0,0,0,0,0.13313684210526316,0.03225806451612903,0,0,1,0,0,0,0,0,0,1,0,0,0,0
1,0,4908.0,9.6,88.0,1,73,0,0,0,True,False,False,False,False,1,0,0,0,0,0,0,0,0,0,1,0.7160328947368421,0.46774193548387094,0,0,0,0,0,0,0,0,0,0,0,1,0,0
0,0,5410.0,22.9,207.0,1,73,0,2,1,False,False,True,False,False,3,0,0,0,0,0,0,0,0,0,0,0.05275789473684211,0.6290322580645161,0,0,0,1,0,0,0,0,0,0,0,0,0,0
1,0,4875.0,19.6,142.0,0,73,0,2,0,False,False,True,False,False,1,0,0,0,1,0,0,0,0,0,0,0.11164210526315789,0.6612903225806451,0,0,0,1,0,0,0,0,0,0,0,0,0,0
0,0,4776.0,25.8,158.0,0,73,0,0,1,False,False,True,False,False,1,0,0,0,0,0,1,0,0,0,0,0.28323157894736845,0.6774193548387096,0,0,0,0,0,0,0,0,1,0,0,0,0,0
0,0,5300.0,10.6,210.0,2,73,0,1,1,False,False,False,True,False,3,0,0,0,0,0,0,0,0,0,0,0.5019157894736842,0.12903225806451613,0,0,1,0,0,0,0,0,0,1,0,0,0,0
1,1,4455.0,33.0,37.0,3,73,0,1,2,False,False,True,False,False,0,0,0,0,0,0,0,0,0,0,0,0.3593578947368421,0.6129032258064516,0,0,0,0,0,1,0,0,0,0,0,0,0,0
0,1,2877.0,2.6,121.0,1,73,0,2,0,False,False,True,False,False,3,0,0,0,0,0,0,0,0,0,0,0.2573578947368421,0.41935483870967744,0,0,0,1,0,0,0,0,0,0,0,0,0,0
1,0,2520.0,34.2,428.5,1,73,0,2,0,True,False,False,False,False,0,0,0,0,0,0,0,0,0,0,0,0.1965578947368421,0.27419354838709675,0,0,0,0,0,0,1,0,0,0,0,0,0,0
1,1,6987.0,6.3,30.0,2,73,0,1,0,False,False,False,True,False,1,0,0,0,0,0,1,0,0,0,0,0.5449052631578948,0.25806451612903225,0,0,0,0,0,0,0,0,0,0,1,0,0,0
0,1,2951.0,23.0,115.0,4,73,0,3,2,True,False,False,False,False,0,0,0,0,0,0,0,0,0,0,0,0.030663157894736844,0.11290322580645161,0,0,0,1,0,0,0,0,0,0,0,0,0,0
0,0,2437.0,9.8,119.0,1,73,0,2,2,True,False,False,False,False,3,0,0,0,0,0,0,0,0,0,0,0.6529473684210526,0.06451612903225806,0,0,0,0,0,0,0,0,0,0,0,0,0,1
0,0,5478.0,11.4,47.0,0,73,0,1,1,False,False,False,False,True,3,0,0,0,0,0,0,0,0,0,0,0.09077894736842106,0.7419354838709677,0,0,0,0,0,1,0,0,0,0,0,0,0,0
1,0,3109.0,17.4,101.0,0,73,0,1,1,False,False,False,True,False,0,0,0,0,0,0,0,0,0,0,0,0.04194736842105263,0.04838709677419355,0,0,0,0,1,0,0,0,0,0,0,0,0,0
0,0,6820.0,27.0,115.0,2,73,0,2,2,False,False,False,False,True,1,0,0,0,1,0,0,0,0,0,0,0.2751157894736842,0.7741935483870968,0,0,0,0,0,0,0,0,0,1,0,0,0,0
0,0,5705.0,20.7,40.0,0,73,0,3,2,True,False,False,False,False,1,0,0,0,0,0,1,0,0,0,0,0.14170526315789472,0.3709677419354839,0,0,0,1,0,0,0,0,0,0,0,0,0,0
1,1,2086.0,50.099999999999994,150.0,3,73,0,2,2,True,False,False,False,False,1,0,0,0,0,0,0,0,0,1,0,0.1754736842105263,0.7419354838709677,0,0,0,0,0,0,0,1,0,0,0,0,0,0
1,0,13776.125,10.0,333.0,0,73,0,4,0,True,False,False,False,False,1,0,0,0,1,0,0,0,0,0,0,0.7160328947368421,0.45161290322580644,0,0,0,0,0,0,0,0,0,0,0,0,0,1
0,1,4900.0,2.0,137.0,1,73,0,0,0,False,False,False,False,True,3,0,0,0,0,0,0,0,0,0,0,0.24230526315789475,0.7096774193548387,0,0,0,0,0,0,0,0,0,0,0,1,0,0
1,0,6303.0,13.0,258.0,1,73,0,0,1,False,False,True,False,False,0,0,0,0,0,0,0,0,0,0,0,0.17345263157894736,0.5806451612903226,0,0,0,0,0,0,0,0,0,1,0,0,0,0
0,1,5138.0,17.3,119.0,4,73,0,2,0,False,False,False,False,True,3,0,0,0,0,0,0,0,0,0,0,0.07113684210526315,0.5,0,0,0,0,0,0,0,0,0,0,0,0,0,1
1,0,3364.0,13.1,428.5,0,73,0,2,1,False,True,False,False,False,0,0,0,0,0,0,0,0,0,0,0,0.24026315789473685,0.7741935483870968,0,0,0,0,0,0,0,0,0,0,0,0,0,1
1,1,13776.125,27.2,80.0,3,73,1,3,2,False,False,False,True,False,0,0,0,0,0,1,0,0,0,0,0,0.18417894736842105,0.6451612903225806,0,0,0,0,0,0,0,0,0,0,0,0,1,0
0,1,5941.0,33.3,130.0,1,73,0,2,0,False,True,False,False,False,2,0,1,1,0,0,0,0,0,0,0,0.08329473684210527,0.3387096774193548,0,0,0,0,1,0,0,0,0,0,0,0,0,0
0,1,1852.0,10.2,224.0,5,72,0,0,0,False,False,False,True,False,3,0,0,0,0,0,0,0,0,0,0,0.19097894736842105,0.0,0,0,1,0,0,0,0,0,0,0,0,1,0,0
0,0,9450.0,34.1,225.0,0,72,0,0,2,False,False,False,True,False,0,0,0,0,0,0,0,0,0,0,0,0.3540736842105263,0.45161290322580644,0,0,0,0,1,0,0,0,0,0,0,0,0,0
1,0,6562.0,27.0,190.0,1,72,0,3,2,True,False,False,False,False,3,0,0,0,0,0,0,0,0,0,0,0.12743157894736842,0.11290322580645161,0,0,1,0,0,0,0,0,0,0,0,1,0,0
0,0,2722.0,14.4,235.0,2,72,0,1,1,False,False,False,True,False,3,0,0,0,0,0,0,0,0,0,0,0.22158947368421053,0.6935483870967742,0,0,0,0,0,0,0,0,0,1,0,0,0,0
1,0,5183.0,11.2,170.0,1,72,0,1,0,True,False,False,False,False,1,0,0,0,0,0,0,0,0,1,0,0.4247157894736842,0.41935483870967744,0,0,0,0,0,0,0,0,0,1,0,0,0,0
0,0,2171.0,12.0,142.0,1,72,0,2,0,False,True,False,False,False,1,0,0,0,0,0,1,0,0,0,0,0.2695578947368421,0.08064516129032258,0,0,0,0,0,0,0,1,0,0,0,0,0,0
1,0,8311.0,21.6,177.0,1,72,0,0,2,False,False,False,False,True,0,0,0,0,0,0,0,0,0,0,0,0.18651578947368422,0.1935483870967742,0,0,0,0,0,1,0,0,0,0,0,0,0,0
1,0,5155.0,32.0,156.0,0,72,0,2,2,True,False,False,False,False,2,0,1,1,0,0,0,0,0,0,0,0.32403157894736845,0.016129032258064516,0,0,0,0,0,0,0,1,0,0,0,0,0,0
1,1,9350.0,21.1,125.0,4,72,0,3,0,True,False,False,False,False,1,0,0,0,0,0,0,0,0,0,1,0.07191578947368421,0.3387096774193548,0,0,0,0,1,0,0,0,0,0,0,0,0,0
1,0,7176.0,7.8,156.0,1,72,0,2,0,False,True,False,False,False,1,0,0,0,0,0,0,0,0,1,0,0.30707368421052633,0.4032258064516129,0,0,0,0,1,0,0,0,0,0,0,0,0,0
0,0,2444.0,23.0,75.0,0,72,0,3,0,False,False,False,True,False,2,0,1,1,0,0,0,0,0,0,0,0.24063157894736842,0.7903225806451613,0,0,0,0,0,0,0,0,0,0,0,0,1,0
1,0,4064.0,22.0,238.0,2,72,0,1,1,False,True,False,False,False,3,0,0,0,0,0,0,0,0,0,0,0.2904,0.4032258064516129,0,0,0,0,1,0,0,0,0,0,0,0,0,0
1,0,5886.0,6.9,319.0,2,72,0,2,2,False,True,False,False,False,1,0,0,0,1,0,0,0,0,0,0,0.2925684210526316,0.3387096774193548,0,0,0,0,0,0,0,1,0,0,0,0,0,0
0,1,4711.0,36.3,212.0,3,72,0,2,0,True,False,False,False,False,3,0,0,0,0,0,0,0,0,0,0,0.42805263157894735,0.6129032258064516,0,0,0,1,0,0,0,0,0,0,0,0,0,0
1,0,7932.0,41.5,199.0,1,72,0,3,2,False,False,False,False,True,1,0,0,0,0,0,0,0,0,0,1,0.26682105263157896,0.6935483870967742,0,0,0,0,1,0,0,0,0,0,0,0,0,0
0,0,2788.0,15.3,70.0,1,72,0,0,1,False,False,True,False,False,3,0,0,0,0,0,0,0,0,0,0,0.22976842105263157,0.5967741935483871,0,0,0,0,0,0,1,0,0,0,0,0,0,0
1,1,6473.0,10.2,161.0,1,72,0,1,0,True,False,False,False,False,1,0,0,0,0,0,0,0,0,1,0,0.1675578947368421,0.4032258064516129,0,0,0,0,0,0,0,1,0,0,0,0,0,0
0,0,2759.0,50.099999999999994,98.0,1,72,0,3,1,False,False,False,True,False,1,0,0,0,0,0,1,0,0,0,0,0.7160328947368421,0.06451612903225806,0,0,0,0,0,0,0,0,0,0,1,0,0,0
1,1,4395.0,13.1,158.0,3,72,0,2,1,True,False,False,False,False,0,0,0,0,0,0,0,0,0,0,0,0.13418947368421053,0.46774193548387094,0,0,0,0,0,0,0,0,0,1,0,0,0,0
1,0,12953.0,8.1,100.0,0,72,0,0,0,False,False,True,False,False,1,0,0,0,1,0,0,0,0,0,0,0.2528315789473684,0.3548387096774194,0,0,0,0,0,0,0,0,1,0,0,0,0,0
0,0,885.0,9.9,37.0,0,72,0,2,0,True,False,False,False,False,1,0,0,0,0,0,0,0,0,1,0,0.39921052631578946,0.5161290322580645,0,0,0,0,0,0,0,0,0,0,1,0,0,0
0,0,3218.0,19.3,419.0,1,72,0,1,2,False,False,True,False,False,0,0,0,0,0,0,0,0,0,0,0,0.16988421052631578,0.3548387096774194,0,0,0,1,0,0,0,0,0,0,0,0,0,0
0,1,13776.125,8.3,334.0,1,72,0,3,0,False,True,False,False,False,1,0,0,0,0,0,1,0,0,0,0,0.45246315789473684,0.5483870967741935,0,0,0,0,0,0,0,0,0,0,0,1,0,0
1,0,2737.0,28.3,42.0,1,72,0,0,0,True,False,False,False,False,1,0,0,0,0,0,1,0,0,0,0,0.10414736842105263,0.16129032258064516,0,0,0,0,0,0,0,0,0,0,0,0,1,0
0,1,11436.0,38.2,36.0,3,72,0,2,0,True,False,False,False,False,0,0,0,0,0,0,0,0,0,0,0,0.11231578947368422,0.20967741935483872,0,0,0,1,0,0,0,0,0,0,0,0,0,0
1,0,3588.0,28.5,270.0,1,72,0,2,2,True,False,False,False,False,0,0,0,0,0,1,0,0,0,0,0,0.482,0.5645161290322581,0,0,0,0,0,0,0,0,0,0,1,0,0,0
0,1,2342.0,2.6,225.0,0,72,0,0,0,False,True,False,False,False,3,0,0,0,0,0,0,0,0,0,0,0.2809473684210526,0.532258064516129,0,1,0,0,0,1,0,0,0,0,0,0,0,0
0,1,4092.0,4.3,215.0,0,72,0,3,0,False,True,False,False,False,1,0,0,0,0,0,0,0,0,0,1,0.11443157894736843,0.6129032258064516,0,1,0,0,0,0,0,0,0,0,1,0,0,0
0,0,3425.0,34.5,82.0,1,72,0,2,0,False,False,False,True,False,0,0,0,0,0,1,0,0,0,0,0,0.513378947368421,0.6290322580645161,0,0,0,0,0,1,0,0,0,0,0,0,0,0
0,1,3963.0,14.9,102.0,2,72,0,2,0,False,False,False,True,False,0,0,0,0,0,0,0,0,0,0,0,0.19893684210526316,0.7741935483870968,0,0,0,0,0,0,0,0,1,0,0,0,0,0
1,0,9010.0,8.6,121.0,1,71,0,3,1,True,False,False,False,False,0,0,0,0,0,0,0,0,0,0,0,0.5513578947368422,0.25806451612903225,0,0,0,0,0,0,0,0,0,0,0,0,1,0
1,0,5393.0,4.1,160.0,0,71,0,1,1,True,False,False,False,False,3,0,0,0,0,0,0,0,0,0,0,0.37754736842105263,0.06451612903225806,0,0,0,0,0,0,0,0,0,0,0,0,0,1
1,0,8403.0,11.4,176.0,0,71,0,3,2,True,False,False,False,False,0,0,0,0,0,0,0,0,0,0,0,0.12722105263157896,0.3709677419354839,0,0,0,0,0,0,0,0,0,0,0,1,0,0
1,1,8468.0,17.4,67.0,2,71,0,0,0,True,False,False,False,False,0,0,0,0,0,1,0,0,0,0,0,0.04437894736842105,0.0,0,0,0,0,1,0,0,0,0,0,0,0,0,0
0,1,13776.125,17.5,308.0,3,71,0,1,1,False,False,True,False,False,3,0,0,0,0,0,0,0,0,0,0,0.48026315789473684,0.2903225806451613,0,0,0,0,0,0,1,0,0,0,0,0,0,0
0,0,3616.0,7.2,86.0,2,71,0,1,1,False,False,False,False,True,0,0,0,0,0,1,0,0,0,0,0,0.5240842105263158,0.14516129032258066,0,0,0,0,1,0,0,0,0,0,0,0,0,0
0,0,8975.0,15.7,166.0,0,71,0,2,0,True,False,False,False,False,0,0,0,0,0,1,0,0,0,0,0,0.2260421052631579,0.0967741935483871,0,0,1,0,0,1,0,0,0,0,0,0,0,0
1,0,6442.0,5.8,320.0,1,71,0,1,2,False,False,False,False,True,3,0,0,0,0,0,0,0,0,0,0,0.2395578947368421,0.27419354838709675,0,0,0,0,0,0,0,0,0,0,1,0,0,0
0,1,8944.0,20.8,143.0,3,71,0,1,1,True,False,False,False,False,2,0,1,1,0,0,0,0,0,0,0,0.11148421052631578,0.03225806451612903,0,0,0,0,0,0,1,0,0,0,0,0,0,0
0,1,2044.0,15.6,183.0,2,71,0,1,0,True,False,False,False,False,1,0,0,0,0,0,0,0,0,1,0,0.4076947368421053,0.22580645161290322,0,0,0,0,0,0,0,0,0,0,0,0,0,1
0,1,10858.0,14.3,261.0,5,71,0,2,0,True,False,False,False,False,3,0,0,0,0,0,0,0,0,0,0,0.3844105263157895,0.7419354838709677,0,0,0,0,0,0,0,0,1,0,0,0,0,0
0,0,7934.0,33.3,38.0,0,71,0,2,1,True,False,False,False,False,1,0,0,0,0,0,0,0,0,1,0,0.0876,0.03225806451612903,0,0,0,0,0,0,0,0,0,0,0,0,1,0
0,0,7836.0,13.8,219.0,1,71,0,3,1,False,False,True,False,False,0,0,0,0,0,1,0,0,0,0,0,0.07257894736842105,0.5,0,0,0,0,0,0,0,1,0,0,0,0,0,0
0,0,4102.0,45.8,271.0,1,71,0,2,0,False,False,False,True,False,1,0,0,0,0,0,1,0,0,0,0,0.17537894736842105,0.12903225806451613,0,0,1,0,0,0,0,0,0,1,0,0,0,0
0,0,2743.0,16.5,102.0,2,71,0,1,1,False,False,True,False,False,3,0,0,0,0,0,0,0,0,0,0,0.238,0.20967741935483872,0,0,0,0,0,0,0,1,0,0,0,0,0,0
0,0,4992.0,16.0,57.0,0,71,0,3,2,False,False,False,False,True,0,0,0,0,0,0,0,0,0,0,0,0.16505263157894737,0.45161290322580644,0,0,0,1,0,0,0,0,0,0,0,0,0,0
1,1,2390.0,1.8,285.0,3,71,0,2,0,False,False,False,True,False,3,0,0,0,0,0,0,0,0,0,0,0.24437894736842106,0.6612903225806451,0,0,0,0,1,0,0,0,0,0,0,0,0,0
0,0,9203.0,13.7,219.0,1,71,0,4,0,False,True,False,False,False,1,0,0,0,1,0,0,0,0,0,0,0.3923684210526316,0.41935483870967744,0,0,0,0,0,0,0,0,0,1,0,0,0,0
1,0,9193.0,19.6,67.0,0,71,0,2,1,True,False,False,False,False,0,0,0,0,0,1,0,0,0,0,0,0.11027368421052632,0.6290322580645161,0,0,0,0,0,0,0,1,0,0,0,0,0,0
1,0,3992.0,5.5,428.5,0,71,0,1,2,False,False,False,False,True,0,0,0,0,0,0,0,0,0,0,0,0.4346842105263158,0.2903225806451613,0,0,0,0,0,0,0,0,0,0,0,1,0,0
0,0,1005.0,5.7,66.0,0,71,0,4,0,True,False,False,False,False,3,0,0,0,0,0,0,0,0,0,0,0.07001052631578947,0.3225806451612903,0,0,0,0,0,0,0,0,0,0,0,0,0,1
1,0,4968.0,6.3,111.0,1,71,0,2,2,True,False,False,False,False,0,0,0,0,0,1,0,0,0,0,0,0.45665263157894737,0.3709677419354839,0,0,0,0,0,0,0,0,0,0,0,0,0,1
0,0,783.0,20.1,84.0,2,71,0,2,1,True,False,False,False,False,3,0,0,0,0,0,0,0,0,0,0,0.3188105263157895,0.45161290322580644,0,0,0,0,0,1,0,0,0,0,0,0,0,0
1,0,3096.0,25.2,161.0,1,71,0,2,0,False,False,True,False,False,3,0,0,0,0,0,0,0,0,0,0,0.3146,0.45161290322580644,0,0,0,0,0,0,0,0,0,0,0,0,0,1
0,0,3774.0,21.0,75.0,1,71,0,1,0,True,False,False,False,False,2,0,1,1,0,0,0,0,0,0,0,0.6796210526315789,0.24193548387096775,0,0,0,0,0,0,0,0,0,0,0,0,1,0
1,0,4001.0,6.1,189.0,2,71,0,1,1,True,False,False,False,False,1,0,0,0,0,0,1,0,0,0,0,0.0837578947368421,0.7258064516129032,0,0,0,0,1,0,0,0,0,0,0,0,0,0
1,0,3417.0,31.4,227.0,1,71,0,2,0,True,False,False,False,False,1,0,0,0,0,0,0,0,0,0,1,0.22982105263157895,0.532258064516129,0,0,0,0,0,0,0,0,0,0,1,0,0,0
0,1,11201.0,31.7,149.0,4,71,0,1,1,True,False,False,False,False,1,0,0,0,0,0,0,0,0,1,0,0.17569473684210526,0.0,0,0,0,1,0,0,0,0,0,0,0,0,0,0
1,1,5837.0,27.0,219.0,2,71,0,2,0,True,False,False,False,False,0,0,0,0,0,0,0,0,0,0,0,0.5391368421052631,0.016129032258064516,0,0,1,0,0,0,0,0,0,0,0,1,0,0
1,0,3056.0,28.4,133.0,2,71,0,3,2,False,False,False,False,True,3,0,0,0,0,0,0,0,0,0,0,0.6286315789473684,0.3870967741935484,0,0,0,0,1,0,0,0,0,0,0,0,0,0
0,1,5888.0,4.2,104.0,1,70,0,0,2,False,False,True,False,False,1,0,0,0,1,0,0,0,0,0,0,0.22212631578947367,0.6290322580645161,0,0,0,1,0,0,0,0,0,0,0,0,0,0
1,0,2378.0,20.3,167.0,1,70,0,2,1,False,False,True,False,False,1,0,0,0,0,0,0,0,0,1,0,0.2413578947368421,0.5806451612903226,0,0,0,0,0,0,0,0,0,1,0,0,0,0
1,0,5833.0,15.1,75.0,0,70,0,2,0,False,False,True,False,False,1,0,0,0,1,0,0,0,0,0,0,0.4456,0.6774193548387096,0,0,0,0,0,0,0,0,0,0,0,0,0,1
1,0,6814.0,49.0,80.0,0,70,0,0,2,False,False,True,False,False,3,0,0,0,0,0,0,0,0,0,0,0.13792631578947367,0.7580645161290323,0,0,0,0,0,0,0,0,0,0,0,0,1,0
0,0,3142.0,24.2,54.0,0,70,0,0,2,True,False,False,False,False,0,0,0,0,0,1,0,0,0,0,0,0.15726315789473685,0.3548387096774194,0,0,0,0,0,0,1,0,0,0,0,0,0,0
0,0,1600.0,13.9,377.0,1,70,0,3,1,False,False,False,False,True,2,0,1,1,0,0,0,0,0,0,0,0.3179157894736842,0.6935483870967742,0,0,0,0,0,0,0,0,0,0,1,0,0,0
1,0,2766.0,12.7,162.0,2,70,0,2,1,True,False,False,False,False,1,0,0,0,1,0,0,0,0,0,0,0.14976842105263158,0.016129032258064516,0,0,0,0,0,0,0,0,0,0,1,0,0,0
0,0,2007.0,28.7,79.0,1,70,0,3,0,True,False,False,False,False,1,0,0,0,0,0,1,0,0,0,0,0.2848631578947368,0.3225806451612903,0,0,0,0,0,0,1,0,0,0,0,0,0,0
0,0,8916.0,9.7,166.0,0,70,0,2,0,False,False,False,True,False,0,0,0,0,0,1,0,0,0,0,0,0.0630421052631579,0.12903225806451613,0,0,1,0,0,0,0,0,0,0,1,0,0,0
1,1,6649.0,9.8,59.0,2,70,0,2,0,False,False,True,False,False,1,0,0,0,0,0,1,0,0,0,0,0.24258947368421052,0.3709677419354839,0,0,0,0,0,0,0,0,1,0,0,0,0,0
0,0,6412.0,16.8,256.0,0,70,0,2,0,True,False,False,False,False,1,0,0,0,0,0,0,0,0,1,0,0.46331578947368424,0.7419354838709677,0,0,0,0,0,0,0,0,0,0,0,0,1,0
1,0,13776.125,12.8,160.0,0,70,0,2,2,False,False,True,False,False,0,0,0,0,0,0,0,0,0,0,0,0.5579368421052632,0.8225806451612904,0,0,0,1,0,0,0,0,0,0,0,0,0,0
0,1,2557.0,18.5,184.0,4,70,0,0,2,False,False,False,True,False,1,0,0,0,0,0,0,0,0,0,1,0.36805263157894735,0.43548387096774194,0,0,0,0,0,0,0,0,0,0,1,0,0,0
1,0,6483.0,21.7,107.0,0,70,0,1,0,True,False,False,False,False,3,0,0,0,0,0,0,0,0,0,0,0.27712631578947367,0.5645161290322581,0,0,0,0,0,1,0,0,0,0,0,0,0,0
0,0,5299.0,31.1,84.0,0,70,0,0,0,False,False,True,False,False,0,0,0,0,0,0,0,0,0,0,0,0.40917894736842103,0.22580645161290322,0,0,0,0,0,0,0,0,0,1,0,0,0,0
1,0,3510.0,6.2,68.0,2,70,0,1,2,False,False,False,False,True,1,0,0,0,0,0,0,0,0,1,0,0.2474,0.3548387096774194,0,0,0,0,0,0,1,0,0,0,0,0,0,0
0,0,5916.0,19.1,131.0,1,70,0,2,0,False,True,False,False,False,0,0,0,0,0,0,0,0,0,0,0,0.3624421052631579,0.4032258064516129,0,0,0,0,0,0,0,0,0,0,0,1,0,0
0,1,13776.125,27.6,428.5,4,70,0,2,1,True,False,False,False,False,0,0,0,0,0,1,0,0,0,0,0,0.44362105263157897,0.4032258064516129,0,0,0,0,0,0,0,0,0,0,0,0,0,1
0,1,1970.0,5.8,195.0,3,70,0,1,0,True,False,False,False,False,1,0,0,0,0,0,0,0,0,0,1,0.0462421052631579,0.7419354838709677,0,0,0,0,0,0,0,0,0,0,0,0,0,1
0,0,8171.0,30.5,150.0,1,70,0,2,1,True,False,False,False,False,3,0,0,0,0,0,0,0,0,0,0,0.4369368421052632,0.4838709677419355,0,0,0,0,0,0,0,0,1,0,0,0,0,0
0,0,7487.0,9.0,231.0,0,70,0,0,0,True,False,False,False,False,3,0,0,0,0,0,0,0,0,0,0,0.7160328947368421,0.6774193548387096,0,0,0,0,0,0,0,0,0,0,0,1,0,0
1,1,1732.0,23.8,283.0,3,70,0,3,1,True,False,False,False,False,0,0,0,0,0,1,0,0,0,0,0,0.6315684210526316,0.1935483870967742,0,0,0,0,0,0,0,1,0,0,0,0,0,0
0,0,6075.0,13.9,118.0,0,70,0,3,0,True,False,False,False,False,3,0,0,0,0,0,0,0,0,0,0,0.05549473684210526,0.7419354838709677,0,0,0,0,0,0,0,0,0,0,0,0,1,0
0,0,2891.0,19.0,98.0,0,70,0,3,2,False,False,True,False,False,3,0,0,0,0,0,0,0,0,0,0,0.1338842105263158,0.7258064516129032,0,0,0,0,0,0,0,0,0,0,0,1,0,0
1,0,9881.0,27.6,428.5,0,70,0,3,0,False,False,False,True,False,3,0,0,0,0,0,0,0,0,0,0,0.13802105263157896,0.3709677419354839,0,0,0,0,0,0,1,0,0,0,0,0,0,0
0,0,2165.0,18.6,85.0,1,70,0,2,1,True,False,False,False,False,1,0,0,0,1,0,0,0,0,0,0,0.3250315789473684,0.6129032258064516,0,0,0,0,1,0,0,0,0,0,0,0,0,0
0,0,3890.0,16.5,250.0,2,70,0,2,2,True,False,False,False,False,1,0,0,0,0,0,1,0,0,0,0,0.11201052631578948,0.3870967741935484,0,0,0,0,0,0,0,0,0,1,0,0,0,0
1,0,8258.0,35.7,83.0,0,70,0,0,2,False,False,False,True,False,3,0,0,0,0,0,0,0,0,0,0,0.08008421052631579,0.3548387096774194,0,0,0,0,0,1,0,0,0,0,0,0,0,0
1,0,2611.0,38.8,300.0,1,70,0,3,0,True,False,False,False,False,3,0,0,0,0,0,0,0,0,0,0,0.19238947368421053,0.43548387096774194,0,0,0,0,0,1,0,0,0,0,0,0,0,0
0,0,1720.0,43.9,157.0,0,70,0,3,1,False,False,True,False,False,1,0,0,0,0,0,0,0,0,1,0,0.4602210526315789,0.03225806451612903,0,0,0,0,0,0,0,0,0,0,0,0,0,1
1,1,11570.0,32.2,311.0,1,69,0,0,0,True,False,False,False,False,2,0,1,1,0,0,0,0,0,0,0,0.4034736842105263,0.8064516129032258,0,0,0,0,0,0,0,0,0,0,0,0,1,0
1,1,12245.0,2.1,182.0,0,69,0,0,0,True,False,False,False,False,3,0,0,0,0,0,0,0,0,0,0,0.34216842105263157,0.2903225806451613,0,1,0,0,0,0,0,1,0,0,0,0,0,0
0,0,7280.0,7.8,128.0,0,69,0,1,1,False,False,True,False,False,1,0,0,0,1,0,0,0,0,0,0,0.17207368421052632,0.6935483870967742,0,0,0,0,0,0,0,0,0,0,0,0,1,0
0,1,4796.0,30.6,91.0,1,69,0,3,0,True,False,False,False,False,3,0,0,0,0,0,0,0,0,0,0,0.13838947368421053,0.5967741935483871,0,0,0,0,0,0,1,0,0,0,0,0,0,0
0,0,4935.0,6.7,15.0,2,69,0,2,2,False,False,True,False,False,3,0,0,0,0,0,0,0,0,0,0,0.12851578947368422,0.27419354838709675,0,0,0,0,1,0,0,0,0,0,0,0,0,0
1,0,2777.0,7.0,213.0,0,69,0,2,0,True,False,False,False,False,3,0,0,0,0,0,0,0,0,0,0,0.22966315789473685,0.27419354838709675,0,0,0,0,1,0,0,0,0,0,0,0,0,0
0,0,4978.0,16.0,72.0,0,69,0,1,0,False,False,True,False,False,0,0,0,0,0,1,0,0,0,0,0,0.0914,0.06451612903225806,0,0,0,1,0,0,0,0,0,0,0,0,0,0
1,0,6978.0,21.1,352.0,0,69,0,3,1,False,False,True,False,False,1,0,0,0,0,0,0,0,0,0,1,0.2630315789473684,0.4032258064516129,0,0,0,0,0,0,0,0,0,0,0,0,0,1
1,0,2345.0,25.3,124.0,0,69,0,0,0,False,False,False,True,False,0,0,0,0,0,1,0,0,0,0,0,0.2101578947368421,0.46774193548387094,0,0,0,0,0,0,0,0,0,0,1,0,0,0
1,0,6754.0,11.3,140.0,1,69,0,2,2,True,False,False,False,False,1,0,0,0,0,0,0,0,0,0,1,0.17537894736842105,0.1774193548387097,0,0,0,0,0,0,0,0,0,0,1,0,0,0
1,1,1854.0,27.9,165.0,2,69,0,0,0,False,False,False,True,False,3,0,0,0,0,0,0,0,0,0,0,0.2246842105263158,0.5967741935483871,0,0,0,0,0,1,0,0,0,0,0,0,0,0
0,0,11253.0,21.4,342.0,2,69,0,2,2,True,False,False,False,False,3,0,0,0,0,0,0,0,0,0,0,0.3031473684210526,0.5,0,0,0,0,0,0,0,0,0,0,0,1,0,0
1,0,5756.0,10.6,65.0,0,69,0,3,0,False,False,True,False,False,1,0,0,0,0,0,0,0,0,0,1,0.2370421052631579,0.04838709677419355,0,0,0,0,0,0,0,0,0,0,0,0,0,1
0,1,9326.0,18.9,103.0,3,69,1,1,0,False,False,False,False,True,1,0,0,0,0,0,0,0,0,0,1,0.022610526315789473,0.4838709677419355,0,0,0,0,0,0,0,1,0,0,0,0,0,0
0,0,4230.0,20.4,223.0,1,69,0,2,2,False,True,False,False,False,0,0,0,0,0,0,0,0,0,0,0,0.34957894736842104,0.20967741935483872,0,0,0,1,0,0,0,0,0,0,0,0,0,0
1,0,8150.0,19.1,191.0,2,69,0,2,2,False,False,False,True,False,2,0,1,1,0,0,0,0,0,0,0,0.34849473684210525,0.08064516129032258,0,0,1,1,0,0,0,0,0,0,0,0,0,0
0,1,1302.0,22.3,156.0,2,69,0,0,0,False,False,True,False,False,1,0,0,0,0,0,0,0,0,1,0,0.3855578947368421,0.6290322580645161,0,0,0,0,0,0,0,0,0,0,0,0,1,0
1,0,12558.0,7.9,147.0,1,69,0,1,0,False,False,True,False,False,3,0,0,0,0,0,0,0,0,0,0,0.6942526315789473,0.0,0,0,0,0,0,0,0,0,0,1,0,0,0,0
0,1,1140.0,3.0,59.0,1,69,0,3,0,False,False,False,True,False,0,0,0,0,0,1,0,0,0,0,0,0.10742105263157894,0.6774193548387096,0,0,0,0,0,0,0,1,0,0,0,0,0,0
0,1,6226.0,32.2,125.0,2,69,0,3,0,False,False,True,False,False,0,0,0,0,0,0,0,0,0,0,0,0.3055157894736842,0.7096774193548387,0,0,0,0,0,0,0,0,0,0,0,0,1,0
1,1,3560.0,6.8,153.0,4,69,0,4,2,False,True,False,False,False,1,0,0,0,0,0,0,0,0,1,0,0.1518842105263158,0.24193548387096775,0,0,0,0,0,0,0,0,0,1,0,0,0,0
0,0,4462.0,46.3,360.0,0,69,0,2,1,True,False,False,False,False,1,0,0,0,0,0,0,0,0,0,1,0.5361684210526316,0.5806451612903226,0,0,0,0,0,0,0,0,0,0,0,0,1,0
0,0,2506.0,15.3,324.0,1,69,0,1,0,False,False,False,True,False,0,0,0,0,0,0,0,0,0,0,0,0.07646315789473684,0.7096774193548387,0,0,0,1,0,0,0,0,0,0,0,0,0,0
1,0,2339.0,13.0,49.0,2,69,0,1,1,True,False,False,False,False,3,0,0,0,0,0,0,0,0,0,0,0.18425263157894736,0.20967741935483872,0,0,0,0,0,0,0,0,0,0,0,0,0,1
1,0,7074.0,25.4,211.0,1,69,0,3,2,True,False,False,False,False,2,0,1,1,0,0,0,0,0,0,0,0.3393894736842105,0.5161290322580645,0,0,0,0,0,0,0,0,0,1,0,0,0,0
0,1,8643.0,39.4,69.0,3,69,0,3,0,False,False,False,True,False,3,0,0,0,0,0,0,0,0,0,0,0.20190526315789473,0.5161290322580645,0,0,0,0,0,0,0,0,1,0,0,0,0,0
1,0,3814.0,15.8,142.0,2,69,0,2,2,False,False,False,False,True,1,0,0,0,0,0,1,0,0,0,0,0.19782105263157895,0.1774193548387097,0,0,0,0,0,0,0,0,0,1,0,0,0,0
0,1,9024.0,35.5,197.0,2,69,0,3,0,False,False,False,True,False,3,0,0,0,0,0,0,0,0,0,0,0.19702105263157896,0.6935483870967742,0,0,0,0,0,0,0,0,0,1,0,0,0,0
1,0,1787.0,15.3,167.0,0,69,0,2,1,True,False,False,False,False,1,0,0,0,0,0,1,0,0,0,0,0.07786315789473684,0.016129032258064516,0,0,1,0,0,0,0,1,0,0,0,0,0,0
1,0,3281.0,17.1,62.0,2,69,0,3,2,True,False,False,False,False,2,0,1,1,0,0,0,0,0,0,0,0.10127368421052632,0.5161290322580645,0,0,0,0,1,0,0,0,0,0,0,0,0,0
1,1,12258.0,9.0,153.0,2,68,1,1,0,True,False,False,False,False,0,0,0,0,0,1,0,0,0,0,0,0.0,0.6290322580645161,0,0,0,0,0,0,0,0,0,0,1,0,0,0
0,0,7774.0,22.4,64.0,1,68,0,2,1,True,False,False,False,False,0,0,0,0,0,0,0,0,0,0,0,0.07385263157894736,0.0967741935483871,0,0,0,1,0,0,0,0,0,0,0,0,0,0
1,0,2507.0,12.7,144.0,2,68,0,2,2,False,False,False,False,True,3,0,0,0,0,0,0,0,0,0,0,0.3206421052631579,0.7741935483870968,0,0,0,0,0,0,0,0,0,0,1,0,0,0
0,1,8641.0,38.3,269.0,2,68,0,1,0,False,False,False,False,True,3,0,0,0,0,0,0,0,0,0,0,0.32003157894736844,0.04838709677419355,0,0,1,0,0,0,0,0,1,0,0,0,0,0
1,0,4468.0,9.4,199.0,2,68,0,2,2,True,False,False,False,False,1,0,0,0,0,0,0,0,0,0,1,0.6866842105263158,0.6129032258064516,0,0,0,0,1,0,0,0,0,0,0,0,0,0
0,1,6509.0,15.5,160.0,1,68,0,0,0,False,False,True,False,False,1,0,0,0,0,0,1,0,0,0,0,0.19616842105263158,0.4838709677419355,0,0,0,0,0,0,0,0,0,0,0,1,0,0
1,0,3334.0,8.7,134.0,0,68,0,2,0,False,False,False,True,False,1,0,0,0,0,0,1,0,0,0,0,0.038621052631578945,0.06451612903225806,0,0,0,0,0,0,0,0,0,0,0,0,0,1
0,1,5689.0,21.6,329.0,2,68,0,0,0,False,True,False,False,False,3,0,0,0,0,0,0,0,0,0,0,0.22434736842105263,0.43548387096774194,0,0,0,0,0,0,0,0,1,0,0,0,0,0
1,0,1143.0,11.9,179.0,1,68,0,2,0,True,False,False,False,False,1,0,0,0,0,0,0,0,0,1,0,0.32058947368421054,0.6451612903225806,0,0,0,0,0,0,0,1,0,0,0,0,0,0
1,0,2692.0,16.9,107.0,1,68,0,2,1,True,False,False,False,False,1,0,0,0,0,0,0,0,0,1,0,0.46189473684210525,0.4838709677419355,0,0,0,0,0,0,0,0,0,1,0,0,0,0
1,0,7298.0,35.7,230.0,0,68,0,3,1,False,False,False,True,False,1,0,0,0,0,0,0,0,0,0,1,0.7160328947368421,0.41935483870967744,0,0,0,0,0,0,0,0,0,0,0,1,0,0
0,0,4153.0,33.3,204.0,1,68,0,1,2,True,False,False,False,False,0,0,0,0,0,0,0,0,0,0,0,0.14302105263157894,0.7419354838709677,0,0,0,0,0,0,0,0,1,0,0,0,0,0
1,0,3699.0,7.0,156.0,0,68,0,2,0,True,False,False,False,False,0,0,0,0,0,1,0,0,0,0,0,0.3814736842105263,0.6612903225806451,0,0,0,0,0,0,0,1,0,0,0,0,0,0
1,1,1827.0,48.9,86.0,2,68,0,1,0,True,False,False,False,False,3,0,0,0,0,0,0,0,0,0,0,0.17577894736842106,0.8225806451612904,0,0,0,0,0,0,1,0,0,0,0,0,0,0
1,1,3160.0,34.4,151.0,1,68,0,2,0,False,False,True,False,False,2,0,1,1,0,0,0,0,0,0,0,0.05791578947368421,0.41935483870967744,0,0,0,0,0,0,0,0,0,0,1,0,0,0
0,0,7502.0,16.2,314.0,1,68,0,1,1,False,False,True,False,False,3,0,0,0,0,0,0,0,0,0,0,0.1522421052631579,0.43548387096774194,0,0,0,0,0,0,0,0,0,0,0,1,0,0
1,1,2764.0,3.8,261.0,1,68,0,0,0,True,False,False,False,False,0,0,0,0,0,1,0,0,0,0,0,0.10546315789473684,0.4032258064516129,0,0,0,0,0,0,1,0,0,0,0,0,0,0
0,1,6162.0,18.0,362.0,3,68,0,3,0,True,False,False,False,False,1,0,0,0,0,0,1,0,0,0,0,0.18794736842105264,0.03225806451612903,0,0,1,0,0,0,0,0,1,0,0,0,0,0
1,0,5693.0,7.8,56.0,0,68,0,1,0,True,False,False,False,False,3,0,0,0,0,0,0,0,0,0,0,0.1358421052631579,0.3387096774193548,0,0,0,0,0,0,0,0,0,0,1,0,0,0
0,0,9129.0,35.1,301.0,1,68,0,3,1,True,False,False,False,False,3,0,0,0,0,0,0,0,0,0,0,0.7160328947368421,0.7096774193548387,0,0,0,0,0,0,0,0,0,1,0,0,0,0
0,0,2768.0,16.9,153.0,0,68,0,2,0,True,False,False,False,False,3,0,0,0,0,0,0,0,0,0,0,0.2752,0.3225806451612903,0,0,0,0,0,0,0,0,1,0,0,0,0,0
1,1,3895.0,20.2,215.0,3,68,0,2,2,True,False,False,False,False,1,0,0,0,0,0,1,0,0,0,0,0.1598421052631579,0.16129032258064516,0,0,0,0,0,0,0,0,0,0,0,1,0,0
0,1,3581.0,18.2,265.0,2,68,0,3,0,True,False,False,False,False,1,0,0,0,0,0,0,0,0,1,0,0.39985263157894735,0.7903225806451613,0,0,0,0,0,0,0,1,0,0,0,0,0,0
1,0,2905.0,6.0,57.0,1,68,0,2,0,False,False,True,False,False,1,0,0,0,0,0,0,0,0,1,0,0.2719157894736842,0.532258064516129,0,0,0,0,0,0,0,0,0,1,0,0,0,0
1,0,6861.0,11.3,174.0,0,68,0,1,2,True,False,False,False,False,1,0,0,0,0,0,0,0,0,1,0,0.1404,0.5967741935483871,0,0,0,1,0,0,0,0,0,0,0,0,0,0
0,1,4500.0,6.8,238.0,1,68,0,2,0,True,False,False,False,False,1,0,0,0,0,0,0,0,0,0,1,0.07766315789473684,0.7096774193548387,0,0,0,0,1,0,0,0,0,0,0,0,0,0
1,1,13479.0,18.2,177.0,2,68,0,1,0,False,False,True,False,False,1,0,0,0,0,0,0,0,0,1,0,0.2034315789473684,0.7903225806451613,0,0,0,0,0,0,0,1,0,0,0,0,0,0
1,0,5235.0,9.8,181.0,0,68,0,1,0,False,False,False,True,False,1,0,0,0,0,0,1,0,0,0,0,0.10454736842105262,0.2903225806451613,0,0,0,0,1,0,0,0,0,0,0,0,0,0
0,1,13776.125,50.099999999999994,384.0,0,68,1,0,0,True,False,False,False,False,3,0,0,0,0,0,0,0,0,0,0,0.05835789473684211,0.7258064516129032,0,1,0,0,0,0,0,0,0,0,1,0,0,0
0,0,6860.0,14.9,88.0,0,68,0,3,2,False,False,False,False,True,0,0,0,0,0,1,0,0,0,0,0,0.3420947368421053,0.27419354838709675,0,0,0,0,0,0,0,0,1,0,0,0,0,0
0,0,4576.0,19.9,80.0,0,67,0,0,2,False,False,False,True,False,0,0,0,0,0,0,0,0,0,0,0,0.3838421052631579,0.7419354838709677,0,0,0,0,0,0,0,0,1,0,0,0,0,0
0,0,7834.0,24.2,31.0,2,67,0,2,2,True,False,False,False,False,1,0,0,0,0,0,1,0,0,0,0,0.6854210526315789,0.27419354838709675,0,0,0,0,0,0,0,0,0,0,0,0,1,0
1,0,6997.0,10.0,338.0,0,67,0,1,0,False,False,False,True,False,1,0,0,0,0,0,0,0,0,1,0,0.2736,0.5483870967741935,0,0,0,0,0,1,0,0,0,0,0,0,0,0
1,0,3281.0,5.5,69.0,0,67,0,4,1,True,False,False,False,False,0,0,0,0,0,0,0,0,0,0,0,0.2975263157894737,0.12903225806451613,0,0,0,0,0,0,0,0,0,0,1,0,0,0
1,1,4910.0,16.5,30.0,2,67,0,2,2,False,False,False,True,False,1,0,0,0,1,0,0,0,0,0,0,0.0983157894736842,0.20967741935483872,0,0,0,0,0,0,0,0,0,0,0,1,0,0
0,1,13776.125,27.9,77.0,1,67,0,2,0,True,False,False,False,False,3,0,0,0,0,0,0,0,0,0,0,0.3877473684210526,0.7580645161290323,0,0,0,1,0,0,0,0,0,0,0,0,0,0
0,0,13776.125,31.8,39.0,1,67,0,3,2,False,False,True,False,False,0,0,0,0,0,1,0,0,0,0,0,0.13107368421052631,0.08064516129032258,0,0,0,0,0,0,0,0,0,1,0,0,0,0
1,0,6158.0,30.1,194.0,0,67,0,1,0,False,False,False,True,False,1,0,0,0,0,0,1,0,0,0,0,0.48138947368421053,0.3548387096774194,0,0,0,0,0,0,0,0,0,0,1,0,0,0
0,1,8059.0,10.9,216.0,3,67,0,3,1,True,False,False,False,False,1,0,0,0,0,0,0,0,0,0,1,0.2383578947368421,0.6451612903225806,0,0,0,0,0,0,0,0,0,0,0,0,1,0
1,0,5048.0,17.0,178.0,2,67,0,4,2,True,False,False,False,False,3,0,0,0,0,0,0,0,0,0,0,0.12747368421052632,0.8225806451612904,0,0,0,0,0,0,0,0,0,0,0,0,1,0
0,0,13057.0,25.1,114.0,1,67,0,2,1,False,False,True,False,False,1,0,0,0,0,0,0,0,0,0,1,0.10286315789473684,0.2903225806451613,0,0,0,1,0,0,0,0,0,0,0,0,0,0
0,0,5990.0,16.2,51.0,1,67,0,2,0,False,False,True,False,False,2,0,1,1,0,0,0,0,0,0,0,0.4137157894736842,0.016129032258064516,0,0,0,0,0,0,0,1,0,0,0,0,0,0
0,1,13776.125,4.4,186.0,2,67,0,1,0,True,False,False,False,False,1,0,0,0,0,0,0,0,0,1,0,0.2503157894736842,0.7258064516129032,0,0,0,1,0,0,0,0,0,0,0,0,0,0
0,1,9153.0,25.8,74.0,2,67,0,3,0,False,False,False,True,False,0,0,0,0,0,1,0,0,0,0,0,0.08977894736842106,0.5161290322580645,0,0,0,0,0,0,0,0,1,0,0,0,0,0
0,0,4050.0,7.0,93.0,0,67,0,2,0,False,False,True,False,False,0,0,0,0,0,0,0,0,0,0,0,0.16930526315789474,0.8225806451612904,0,0,0,0,1,0,0,0,0,0,0,0,0,0
1,1,1942.0,4.0,301.0,3,67,0,2,1,False,False,False,False,True,3,0,0,0,0,0,0,0,0,0,0,0.10221052631578947,0.11290322580645161,0,0,1,0,0,0,0,0,0,0,0,1,0,0
0,1,13776.125,11.7,221.0,1,67,0,2,0,True,False,False,False,False,1,0,0,0,0,0,0,0,0,0,1,0.6714736842105263,0.06451612903225806,0,0,1,0,0,0,0,0,0,0,0,0,0,1
1,0,8725.0,23.0,78.0,0,67,0,2,0,False,False,True,False,False,3,0,0,0,0,0,0,0,0,0,0,0.43461052631578945,0.46774193548387094,0,0,0,0,0,0,0,0,1,0,0,0,0,0
0,0,7103.0,24.9,251.0,1,67,0,2,2,False,False,True,False,False,3,0,0,0,0,0,0,0,0,0,0,0.08156842105263158,0.1935483870967742,0,0,0,0,0,0,0,1,0,0,0,0,0,0
0,0,7574.0,22.1,275.0,1,67,0,1,0,True,False,False,False,False,1,0,0,0,0,0,0,0,0,1,0,0.7160328947368421,0.5806451612903226,0,0,0,0,0,0,0,0,1,0,0,0,0,0
1,0,11975.0,13.5,157.0,1,67,0,1,1,True,False,False,False,False,0,0,0,0,0,0,0,0,0,0,0,0.38402105263157893,0.0,0,0,0,0,0,0,1,0,0,0,0,0,0,0
1,1,3736.0,9.6,199.0,3,67,0,4,1,False,False,False,False,True,3,0,0,0,0,0,0,0,0,0,0,0.37546315789473683,0.5967741935483871,0,0,0,0,0,0,0,0,0,0,0,0,0,1
1,0,8922.0,22.5,119.0,1,67,0,3,0,True,False,False,False,False,1,0,0,0,0,0,0,0,0,0,1,0.37767368421052633,0.03225806451612903,0,0,0,0,1,0,0,0,0,0,0,0,0,0
0,0,6352.0,37.6,211.0,2,67,0,0,2,False,False,False,True,False,3,0,0,0,0,0,0,0,0,0,0,0.1785578947368421,0.7580645161290323,0,0,0,0,1,0,0,0,0,0,0,0,0,0
1,0,3758.0,18.3,428.5,0,67,0,2,0,True,False,False,False,False,3,0,0,0,0,0,0,0,0,0,0,0.2832842105263158,0.3387096774193548,0,0,0,0,1,0,0,0,0,0,0,0,0,0
1,0,1805.0,50.099999999999994,103.0,1,67,0,0,1,True,False,False,False,False,1,0,0,0,0,0,1,0,0,0,0,0.28693684210526316,0.3548387096774194,0,0,0,0,0,0,0,0,0,0,1,0,0,0
1,0,6553.0,24.9,190.0,0,67,0,2,0,False,False,True,False,False,1,0,0,0,0,0,0,0,0,1,0,0.25207368421052634,0.14516129032258066,0,0,1,0,0,0,0,0,0,0,0,0,1,0
1,0,4227.0,20.6,301.0,1,67,0,0,2,True,False,False,False,False,3,0,0,0,0,0,0,0,0,0,0,0.16137894736842107,0.4838709677419355,0,0,0,1,0,0,0,0,0,0,0,0,0,0
1,0,7389.0,25.6,178.0,1,67,0,2,1,False,True,False,False,False,1,0,0,0,0,0,1,0,0,0,0,0.13205263157894737,0.3548387096774194,0,0,0,0,0,0,0,0,1,0,0,0,0,0
1,0,5719.0,9.8,40.0,1,67,0,2,1,True,False,False,False,False,0,0,0,0,0,1,0,0,0,0,0,0.3932842105263158,0.3709677419354839,0,0,0,0,0,0,0,0,1,0,0,0,0,0
0,1,4634.0,48.4,238.0,3,66,0,2,0,False,False,False,True,False,3,0,0,0,0,0,0,0,0,0,0,0.19498947368421052,0.6935483870967742,0,0,0,0,0,0,0,0,1,0,0,0,0,0
0,1,3849.0,3.9,202.0,2,66,0,1,2,True,False,False,False,False,3,0,0,0,0,0,0,0,0,0,0,0.4266736842105263,0.16129032258064516,0,0,0,0,0,0,0,0,0,0,0,1,0,0
0,1,6927.0,17.9,189.0,2,66,0,2,0,False,False,False,False,True,3,0,0,0,0,0,0,0,0,0,0,0.09798947368421053,0.12903225806451613,0,0,1,0,0,0,0,0,0,1,0,0,0,0
1,1,9056.0,17.4,55.0,1,66,0,0,0,True,False,False,False,False,1,0,0,0,0,0,0,0,0,0,1,0.05614736842105263,0.1774193548387097,0,0,0,0,1,0,0,0,0,0,0,0,0,0
1,0,8020.0,17.0,254.0,1,66,0,2,1,False,True,False,False,False,1,0,0,0,1,0,0,0,0,0,0,0.4607157894736842,0.6290322580645161,0,0,0,0,0,0,1,0,0,0,0,0,0,0
1,0,2313.0,50.099999999999994,163.0,1,66,0,3,2,True,False,False,False,False,2,0,1,1,0,0,0,0,0,0,0,0.26090526315789475,0.04838709677419355,0,0,0,0,0,0,0,1,0,0,0,0,0,0
0,1,3548.0,15.2,216.0,3,66,0,4,1,True,False,False,False,False,1,0,0,0,0,0,0,0,0,0,1,0.06331578947368421,0.7580645161290323,0,0,0,0,0,0,0,0,0,0,0,0,1,0
0,0,2769.0,13.2,158.0,0,66,0,2,2,True,False,False,False,False,1,0,0,0,0,0,0,0,0,1,0,0.19041052631578947,0.8225806451612904,0,0,0,0,1,0,0,0,0,0,0,0,0,0
0,0,4208.0,40.4,156.0,2,66,0,2,1,True,False,False,False,False,2,0,1,1,0,0,0,0,0,0,0,0.26861052631578947,0.11290322580645161,0,0,0,0,0,0,1,0,0,0,0,0,0,0
1,0,7135.0,10.2,86.0,1,66,0,1,2,True,False,False,False,False,0,0,0,0,0,0,0,0,0,0,0,0.21053684210526316,0.7741935483870968,0,0,0,0,0,0,0,0,1,0,0,0,0,0
0,0,4988.0,15.7,23.0,1,66,0,1,2,True,False,False,False,False,0,0,0,0,0,1,0,0,0,0,0,0.2054421052631579,0.25806451612903225,0,0,0,0,1,0,0,0,0,0,0,0,0,0
1,0,5663.0,7.6,221.0,0,66,0,2,0,False,False,False,False,True,1,0,0,0,1,0,0,0,0,0,0,0.1334842105263158,0.0967741935483871,0,0,1,0,1,0,0,0,0,0,0,0,0,0
1,0,8607.0,19.7,205.0,0,66,0,0,0,False,False,True,False,False,1,0,0,0,0,0,1,0,0,0,0,0.7160328947368421,0.11290322580645161,0,0,1,0,0,1,0,0,0,0,0,0,0,0
0,0,9389.0,15.3,178.0,0,66,0,1,2,False,False,False,True,False,1,0,0,0,1,0,0,0,0,0,0,0.18469473684210527,0.20967741935483872,0,0,0,0,0,0,0,0,0,1,0,0,0,0
1,0,13776.125,21.8,306.0,0,66,0,3,0,True,False,False,False,False,0,0,0,0,0,0,0,0,0,0,0,0.13718947368421053,0.25806451612903225,0,0,0,0,0,0,0,1,0,0,0,0,0,0
0,0,2830.0,22.7,61.0,0,66,0,2,0,True,False,False,False,False,3,0,0,0,0,0,0,0,0,0,0,0.4079052631578947,0.03225806451612903,0,0,0,0,0,0,0,0,0,0,0,1,0,0
0,0,7545.0,17.5,268.0,0,66,0,2,0,False,False,False,True,False,1,0,0,0,0,0,0,0,0,1,0,0.10142105263157895,0.6290322580645161,0,0,0,0,0,0,0,1,0,0,0,0,0,0
0,0,3343.0,50.099999999999994,79.0,1,66,0,1,2,True,False,False,False,False,0,0,0,0,0,1,0,0,0,0,0,0.2678421052631579,0.06451612903225806,0,0,0,0,0,0,0,0,0,0,1,0,0,0
0,0,3944.0,8.8,220.0,1,66,0,3,1,False,False,False,True,False,2,0,1,1,0,0,0,0,0,0,0,0.19703157894736842,0.03225806451612903,0,0,1,0,0,0,0,0,0,0,0,0,0,1
1,1,2460.0,6.2,77.0,2,66,0,2,0,False,False,False,False,True,2,0,1,1,0,0,0,0,0,0,0,0.13243157894736843,0.46774193548387094,0,0,0,0,0,0,1,0,0,0,0,0,0,0
0,0,4642.0,31.1,322.0,1,66,0,2,0,False,False,False,True,False,3,0,0,0,0,0,0,0,0,0,0,0.3162842105263158,0.5967741935483871,0,0,0,0,0,0,0,0,0,0,0,0,1,0
0,0,13776.125,35.9,106.0,2,66,0,3,2,False,False,False,False,True,1,0,0,0,0,0,0,0,0,1,0,0.6377157894736842,0.20967741935483872,0,0,0,0,0,0,0,0,0,0,0,0,0,1
1,0,3093.0,27.7,200.0,1,66,0,0,0,True,False,False,False,False,0,0,0,0,0,0,0,0,0,0,0,0.18673684210526315,0.3870967741935484,0,0,0,0,0,0,0,1,0,0,0,0,0,0
0,0,8757.0,8.6,88.0,1,66,0,2,1,False,False,True,False,False,1,0,0,0,0,0,1,0,0,0,0,0.06914736842105264,0.0,0,0,0,0,1,0,0,0,0,0,0,0,0,0
1,1,4633.0,20.6,163.0,1,66,0,2,0,True,False,False,False,False,1,0,0,0,0,0,0,0,0,1,0,0.012705263157894737,0.3387096774193548,0,0,0,0,0,0,0,1,0,0,0,0,0,0
0,0,4160.0,25.3,276.0,0,66,0,1,2,False,False,False,False,True,3,0,0,0,0,0,0,0,0,0,0,0.15861052631578948,0.5645161290322581,0,0,0,0,0,0,0,0,0,0,1,0,0,0
0,1,2670.0,8.4,60.0,4,66,0,1,1,False,False,True,False,False,3,0,0,0,0,0,0,0,0,0,0,0.510821052631579,0.6935483870967742,0,0,0,0,0,0,0,0,0,1,0,0,0,0
1,1,12696.0,15.0,275.0,1,66,0,3,0,True,False,False,False,False,0,0,0,0,0,1,0,0,0,0,0,0.10562105263157895,0.7580645161290323,0,0,0,0,0,0,0,0,0,1,0,0,0,0
0,1,13776.125,19.4,296.0,1,66,0,1,0,False,False,True,False,False,0,0,0,0,0,0,0,0,0,0,0,0.1968842105263158,0.41935483870967744,0,0,0,0,1,0,0,0,0,0,0,0,0,0
0,0,6112.0,16.0,74.0,0,66,0,0,0,False,False,False,True,False,1,0,0,0,0,0,1,0,0,0,0,0.4723157894736842,0.46774193548387094,0,0,0,0,0,0,0,0,0,0,1,0,0,0
0,0,3255.0,21.2,107.0,1,65,0,2,1,True,False,False,False,False,2,0,1,1,0,0,0,0,0,0,0,0.28987368421052634,0.24193548387096775,0,0,0,0,0,1,0,0,0,0,0,0,0,0
0,0,3490.0,22.3,188.0,0,65,0,3,1,False,False,False,True,False,1,0,0,0,1,0,0,0,0,0,0,0.44598947368421055,0.06451612903225806,0,0,1,0,0,0,0,0,0,0,1,0,0,0
1,0,12589.0,20.0,96.0,0,65,0,2,0,False,False,True,False,False,1,0,0,0,0,0,0,0,0,0,1,0.22286315789473685,0.3387096774193548,0,0,0,0,0,0,0,1,0,0,0,0,0,0
0,1,8635.0,20.6,142.0,3,65,0,2,0,False,False,False,True,False,3,0,0,0,0,0,0,0,0,0,0,0.31001052631578946,0.7419354838709677,0,0,0,0,0,0,0,0,0,0,0,1,0,0
0,0,3468.0,40.3,167.0,1,65,0,2,2,True,False,False,False,False,1,0,0,0,1,0,0,0,0,0,0,0.071,0.43548387096774194,0,0,0,1,0,0,0,0,0,0,0,0,0,0
0,0,5369.0,21.7,428.5,1,65,0,2,2,True,False,False,False,False,3,0,0,0,0,0,0,0,0,0,0,0.49394736842105263,0.7096774193548387,0,0,0,0,1,0,0,0,0,0,0,0,0,0
0,0,11585.0,17.9,89.0,1,65,0,2,1,True,False,False,False,False,3,0,0,0,0,0,0,0,0,0,0,0.1238,0.16129032258064516,0,0,0,0,0,0,0,0,0,0,0,1,0,0
0,0,8427.0,35.4,206.0,1,65,0,4,0,True,False,False,False,False,2,0,1,1,0,0,0,0,0,0,0,0.3424736842105263,0.43548387096774194,0,0,0,1,0,0,0,0,0,0,0,0,0,0
1,0,4179.0,11.2,335.0,0,65,0,2,0,True,False,False,False,False,2,0,1,1,0,0,0,0,0,0,0,0.5089368421052631,0.0,0,0,1,0,0,0,0,0,0,0,0,0,1,0
0,0,5511.0,23.6,315.0,0,65,0,2,0,True,False,False,False,False,0,0,0,0,0,1,0,0,0,0,0,0.33633684210526316,0.3387096774193548,0,0,0,0,0,0,1,0,0,0,0,0,0,0
1,0,7246.0,11.4,221.0,0,65,0,3,2,False,False,False,False,True,3,0,0,0,0,0,0,0,0,0,0,0.18574736842105263,0.4032258064516129,0,0,0,0,0,0,0,0,0,1,0,0,0,0
0,0,4646.0,15.4,102.0,1,65,0,2,2,True,False,False,False,False,3,0,0,0,0,0,0,0,0,0,0,0.18451578947368422,0.7258064516129032,0,0,0,0,0,0,0,0,0,1,0,0,0,0
1,1,7722.0,24.5,59.0,2,65,0,1,0,True,False,False,False,False,3,0,0,0,0,0,0,0,0,0,0,0.3144421052631579,0.04838709677419355,0,0,0,0,0,1,0,0,0,0,0,0,0,0
0,0,2066.0,33.5,74.0,1,65,0,1,0,True,False,False,False,False,1,0,0,0,0,0,0,0,0,1,0,0.16989473684210527,0.08064516129032258,0,0,0,0,0,0,0,0,0,0,0,0,1,0
1,1,11054.0,28.2,159.0,2,65,1,1,1,False,False,True,False,False,3,0,0,0,0,0,0,0,0,0,0,0.05018947368421053,0.0,0,0,0,0,0,0,0,0,0,0,0,1,0,0
0,0,7520.0,31.1,184.0,1,65,0,2,2,True,False,False,False,False,3,0,0,0,0,0,0,0,0,0,0,0.28172631578947366,0.7258064516129032,0,0,0,0,0,0,0,1,0,0,0,0,0,0
1,0,5837.0,11.9,94.0,2,65,0,2,2,True,False,False,False,False,1,0,0,0,0,0,0,0,0,0,1,0.38833684210526315,0.27419354838709675,0,0,0,0,0,0,0,0,0,0,1,0,0,0
1,0,1245.0,19.1,180.0,0,65,0,1,2,True,False,False,False,False,3,0,0,0,0,0,0,0,0,0,0,0.6874421052631579,0.16129032258064516,0,0,0,0,0,0,0,0,0,0,0,0,0,1
1,0,13752.0,24.3,184.0,0,65,0,1,2,False,False,True,False,False,3,0,0,0,0,0,0,0,0,0,0,0.3183263157894737,0.6290322580645161,0,0,0,0,0,0,0,0,0,0,1,0,0,0
1,0,2727.0,10.5,91.0,1,65,0,2,1,True,False,False,False,False,1,0,0,0,0,0,1,0,0,0,0,0.15476842105263158,0.3709677419354839,0,0,0,0,1,0,0,0,0,0,0,0,0,0
0,0,8854.0,29.4,132.0,0,65,0,2,2,False,False,True,False,False,1,0,0,0,1,0,0,0,0,0,0,0.46063157894736845,0.6290322580645161,0,0,0,0,0,0,0,0,0,1,0,0,0,0
1,0,13137.0,11.4,79.0,1,65,0,0,1,False,False,False,True,False,3,0,0,0,0,0,0,0,0,0,0,0.12462105263157895,0.03225806451612903,0,0,0,0,0,0,0,0,0,0,0,0,0,1
0,1,13776.125,18.9,226.0,0,65,1,2,0,True,False,False,False,False,1,0,0,0,0,0,0,0,0,0,1,0.04024210526315789,0.3064516129032258,0,1,0,0,0,0,0,0,0,0,1,0,0,0
1,1,4033.0,23.1,386.0,1,65,0,3,0,False,False,False,True,False,3,0,0,0,0,0,0,0,0,0,0,0.09307368421052632,0.3548387096774194,0,0,0,0,0,0,0,0,0,0,0,1,0,0
1,1,4381.0,11.3,156.0,4,65,0,2,2,True,False,False,False,False,0,0,0,0,0,0,0,0,0,0,0,0.11737894736842105,0.1935483870967742,0,0,0,0,0,0,0,0,0,1,0,0,0,0
1,1,5820.0,1.2,97.0,0,65,0,3,0,True,False,False,False,False,1,0,0,0,0,0,0,0,0,0,1,0.2983157894736842,0.3870967741935484,0,1,0,0,0,1,0,0,0,0,0,0,0,0
1,0,2703.0,20.9,273.0,1,65,0,2,1,False,False,False,True,False,0,0,0,0,0,1,0,0,0,0,0,0.17830526315789474,0.03225806451612903,0,0,1,0,0,0,0,0,0,0,0,0,1,0
1,0,2337.0,22.2,203.0,1,65,0,3,2,True,False,False,False,False,0,0,0,0,0,1,0,0,0,0,0,0.06382105263157895,0.11290322580645161,0,0,1,0,0,0,0,0,0,0,1,0,0,0
1,1,13776.125,3.5,292.0,1,65,0,3,1,True,False,False,False,False,2,0,1,1,0,0,0,0,0,0,0,0.16870526315789475,0.45161290322580644,0,0,0,0,0,0,0,0,0,0,0,0,0,1
1,1,6309.0,13.1,120.0,2,65,0,2,0,True,False,False,False,False,1,0,0,0,0,0,1,0,0,0,0,0.25556842105263156,0.5967741935483871,0,0,0,0,0,0,0,0,0,0,1,0,0,0
1,0,5604.0,31.7,164.0,1,64,0,2,1,True,False,False,False,False,1,0,0,0,0,0,0,0,0,1,0,0.7160328947368421,0.11290322580645161,0,0,0,0,0,1,0,0,0,0,0,0,0,0
1,1,2803.0,30.6,26.0,3,64,0,2,1,True,False,False,False,False,2,0,1,1,0,0,0,0,0,0,0,0.2655157894736842,0.8064516129032258,0,0,0,0,0,0,0,0,0,0,0,1,0,0
0,1,8514.0,3.2,428.5,1,64,0,3,2,False,False,False,False,True,0,0,0,0,0,0,0,0,0,0,0,0.08782105263157895,0.6612903225806451,0,0,0,0,0,0,0,1,0,0,0,0,0,0
0,1,5171.0,35.4,294.0,2,64,0,3,0,False,False,True,False,False,0,0,0,0,0,0,0,0,0,0,0,0.09303157894736842,0.5645161290322581,0,0,0,0,0,0,0,0,0,0,1,0,0,0
0,0,4270.0,21.4,160.0,0,64,0,0,1,True,False,False,False,False,1,0,0,0,0,0,0,0,0,0,1,0.07718947368421053,0.5161290322580645,0,0,0,0,0,1,0,0,0,0,0,0,0,0
0,0,5091.0,9.5,48.0,0,64,0,3,1,False,False,True,False,False,3,0,0,0,0,0,0,0,0,0,0,0.38846315789473684,0.8064516129032258,0,0,0,0,0,0,0,0,0,1,0,0,0,0
0,1,3080.0,14.7,177.0,4,64,0,3,1,False,False,False,True,False,1,0,0,0,0,0,0,0,0,0,1,0.32942105263157895,0.4032258064516129,0,0,0,0,0,0,0,0,0,0,0,1,0,0
1,1,10990.0,37.2,192.0,4,64,0,2,0,True,False,False,False,False,1,0,0,0,0,0,0,0,0,1,0,0.14450526315789475,0.6612903225806451,0,0,0,0,0,0,0,1,0,0,0,0,0,0
0,0,2050.0,48.2,159.0,1,64,0,1,1,True,False,False,False,False,1,0,0,0,1,0,0,0,0,0,0,0.2683894736842105,0.3225806451612903,0,0,0,0,0,0,0,0,0,0,0,0,0,1
1,1,5280.0,13.3,168.0,3,64,0,2,0,False,False,True,False,False,2,0,1,1,0,0,0,0,0,0,0,0.31361052631578945,0.8225806451612904,0,0,0,0,1,0,0,0,0,0,0,0,0,0
1,0,10750.0,40.6,352.0,0,64,0,1,2,True,False,False,False,False,1,0,0,0,1,0,0,0,0,0,0,0.20077894736842106,0.08064516129032258,0,0,1,0,1,0,0,0,0,0,0,0,0,0
0,0,10724.0,21.7,197.0,1,64,0,3,1,True,False,False,False,False,0,0,0,0,0,1,0,0,0,0,0,0.18117894736842105,0.5645161290322581,0,0,0,0,0,0,0,0,0,0,0,0,0,1
0,1,6606.0,4.0,176.0,0,64,0,2,0,False,False,True,False,False,0,0,0,0,0,1,0,0,0,0,0,0.08691578947368421,0.24193548387096775,0,1,0,0,0,0,0,0,0,1,0,0,0,0
1,0,9577.0,34.8,160.0,2,64,0,1,2,False,False,False,False,True,1,0,0,0,0,0,0,0,0,0,1,0.257621052631579,0.6451612903225806,0,0,0,0,0,0,1,0,0,0,0,0,0,0
0,0,2066.0,34.2,197.0,2,64,0,3,2,True,False,False,False,False,3,0,0,0,0,0,0,0,0,0,0,0.2114736842105263,0.06451612903225806,0,0,1,0,0,0,0,0,0,1,0,0,0,0
0,0,4348.0,32.6,120.0,0,64,0,2,0,False,True,False,False,False,1,0,0,0,0,0,1,0,0,0,0,0.0876842105263158,0.43548387096774194,0,0,0,0,1,0,0,0,0,0,0,0,0,0
0,0,3702.0,7.6,149.0,1,64,0,2,0,False,False,True,False,False,2,0,1,1,0,0,0,0,0,0,0,0.24672631578947368,0.12903225806451613,0,0,0,0,0,0,0,0,0,0,0,0,1,0
0,0,6959.0,50.099999999999994,193.0,0,64,0,2,0,False,False,False,True,False,1,0,0,0,0,0,0,0,0,1,0,0.34813684210526313,0.016129032258064516,0,0,1,0,0,1,0,0,0,0,0,0,0,0
0,0,4833.0,21.5,146.0,2,64,0,0,2,True,False,False,False,False,3,0,0,0,0,0,0,0,0,0,0,0.3374105263157895,0.3225806451612903,0,0,0,0,0,0,1,0,0,0,0,0,0,0
0,1,6711.0,8.5,69.0,1,64,0,3,0,False,False,False,True,False,2,0,1,1,0,0,0,0,0,0,0,0.06258947368421053,0.03225806451612903,0,0,0,0,0,0,0,0,0,0,1,0,0,0
0,1,3233.0,12.3,64.0,3,64,0,1,0,True,False,False,False,False,1,0,0,0,1,0,0,0,0,0,0,0.2215578947368421,0.7419354838709677,0,0,0,1,0,0,0,0,0,0,0,0,0,0
1,1,4488.0,23.0,197.0,3,64,0,2,1,True,False,False,False,False,0,0,0,0,0,0,0,0,0,0,0,0.19138947368421053,0.6935483870967742,0,0,0,0,0,0,1,0,0,0,0,0,0,0
1,1,12501.0,6.3,288.0,3,64,0,4,0,True,False,False,False,False,3,0,0,0,0,0,0,0,0,0,0,0.1530842105263158,0.20967741935483872,0,0,0,0,0,0,0,0,1,0,0,0,0,0
0,0,4014.0,16.1,419.0,0,64,0,0,1,True,False,False,False,False,0,0,0,0,0,0,0,0,0,0,0,0.7126,0.12903225806451613,0,0,1,0,0,0,0,0,0,0,0,1,0,0
1,0,3907.0,3.8,186.0,0,64,0,1,2,True,False,False,False,False,3,0,0,0,0,0,0,0,0,0,0,0.37996842105263157,0.3387096774193548,0,0,0,0,0,0,0,0,1,0,0,0,0,0
0,0,8491.0,16.4,270.0,0,64,0,1,0,False,False,True,False,False,1,0,0,0,1,0,0,0,0,0,0,0.6228736842105264,0.1774193548387097,0,0,0,0,0,1,0,0,0,0,0,0,0,0
1,0,1985.0,13.7,216.0,1,64,0,2,1,False,False,False,False,True,3,0,0,0,0,0,0,0,0,0,0,0.12041052631578947,0.0,0,0,1,0,0,0,0,0,0,0,0,0,0,1
0,1,7448.0,19.9,83.0,1,64,0,3,0,True,False,False,False,False,1,0,0,0,1,0,0,0,0,0,0,0.042410526315789475,0.16129032258064516,0,0,0,0,1,0,0,0,0,0,0,0,0,0
0,0,2306.0,20.2,57.0,0,64,0,3,0,False,False,False,False,True,3,0,0,0,0,0,0,0,0,0,0,0.2648105263157895,0.6612903225806451,0,0,0,0,0,1,0,0,0,0,0,0,0,0
1,0,3462.0,30.0,336.0,0,64,0,1,1,False,False,False,True,False,1,0,0,0,0,0,0,0,0,0,1,0.12058947368421052,0.7903225806451613,0,0,0,0,0,1,0,0,0,0,0,0,0,0
1,0,6509.0,18.9,114.0,0,63,0,2,0,False,False,False,False,True,2,0,1,1,0,0,0,0,0,0,0,0.28342105263157896,0.532258064516129,0,0,0,0,0,0,0,0,0,0,1,0,0,0
1,1,5388.0,23.9,120.0,1,63,0,3,0,False,False,False,False,True,1,0,0,0,1,0,0,0,0,0,0,0.15644210526315788,0.43548387096774194,0,0,0,0,0,0,1,0,0,0,0,0,0,0
1,0,9296.0,23.6,124.0,1,63,0,0,1,False,False,True,False,False,1,0,0,0,0,0,1,0,0,0,0,0.20518947368421053,0.5,0,0,0,0,0,0,0,0,0,0,0,1,0,0
0,0,2292.0,10.3,62.0,0,63,0,2,2,False,False,False,False,True,1,0,0,0,0,0,1,0,0,0,0,0.41414736842105265,0.1774193548387097,0,0,0,0,0,0,1,0,0,0,0,0,0,0
0,0,7094.0,38.3,150.0,0,63,0,0,2,True,False,False,False,False,3,0,0,0,0,0,0,0,0,0,0,0.10093684210526316,0.5,0,0,0,0,0,0,0,0,0,0,0,0,1,0
1,0,5056.0,19.8,101.0,1,63,0,2,0,False,False,False,True,False,1,0,0,0,0,0,0,0,0,1,0,0.7160328947368421,0.5806451612903226,0,0,0,0,0,0,0,0,0,0,0,0,1,0
0,0,5455.0,15.6,240.0,0,63,0,1,2,True,False,False,False,False,0,0,0,0,0,1,0,0,0,0,0,0.4040736842105263,0.532258064516129,0,0,0,0,0,0,0,0,1,0,0,0,0,0
1,1,7459.0,28.5,226.0,3,63,0,1,0,True,False,False,False,False,3,0,0,0,0,0,0,0,0,0,0,0.3226421052631579,0.14516129032258066,0,0,1,1,0,0,0,0,0,0,0,0,0,0
0,0,4981.0,8.8,61.0,1,63,0,0,0,False,False,True,False,False,3,0,0,0,0,0,0,0,0,0,0,0.23115789473684212,0.46774193548387094,0,0,0,0,0,0,0,0,1,0,0,0,0,0
1,0,2938.0,30.3,103.0,0,63,0,3,0,False,False,True,False,False,2,0,1,1,0,0,0,0,0,0,0,0.4268842105263158,0.22580645161290322,0,0,0,0,0,0,0,0,0,0,0,1,0,0
0,1,7431.0,15.7,238.0,2,63,0,2,0,True,False,False,False,False,2,0,1,1,0,0,0,0,0,0,0,0.2655368421052632,0.03225806451612903,0,0,1,0,0,0,0,0,0,0,0,1,0,0
1,0,10085.0,9.7,428.5,1,63,0,2,2,False,False,True,False,False,0,0,0,0,0,1,0,0,0,0,0,0.46570526315789473,0.14516129032258066,0,0,1,0,0,0,0,0,0,0,1,0,0,0
1,0,13776.125,8.2,146.0,0,63,0,1,2,False,False,False,True,False,1,0,0,0,0,0,1,0,0,0,0,0.33058947368421054,0.1774193548387097,0,0,0,0,0,1,0,0,0,0,0,0,0,0
0,1,3916.0,44.0,280.0,3,63,0,2,0,True,False,False,False,False,0,0,0,0,0,1,0,0,0,0,0,0.33352631578947367,0.016129032258064516,0,0,1,0,0,1,0,0,0,0,0,0,0,0
1,0,6106.0,15.0,223.0,1,63,0,3,1,False,False,False,True,False,3,0,0,0,0,0,0,0,0,0,0,0.13058947368421053,0.5483870967741935,0,0,0,0,0,0,0,0,0,1,0,0,0,0
0,0,1730.0,12.1,101.0,0,63,0,3,2,True,False,False,False,False,3,0,0,0,0,0,0,0,0,0,0,0.44502105263157893,0.27419354838709675,0,0,0,0,0,0,0,0,0,0,0,0,1,0
1,0,2879.0,14.8,109.0,0,63,0,1,1,True,False,False,False,False,2,0,1,1,0,0,0,0,0,0,0,0.0764,0.08064516129032258,0,0,0,0,0,0,0,0,0,0,0,0,1,0
1,0,1832.0,32.5,249.0,1,63,0,2,0,True,False,False,False,False,1,0,0,0,1,0,0,0,0,0,0,0.1413684210526316,0.7580645161290323,0,0,0,0,0,0,0,0,1,0,0,0,0,0
0,0,5642.0,25.1,254.0,1,63,0,1,1,True,False,False,False,False,3,0,0,0,0,0,0,0,0,0,0,0.08825263157894737,0.6129032258064516,0,0,0,0,0,0,1,0,0,0,0,0,0,0
1,1,4851.0,29.4,131.0,1,63,0,1,0,False,False,False,False,True,1,0,0,0,0,0,1,0,0,0,0,0.0682842105263158,0.5,0,0,0,0,0,0,0,0,0,0,0,0,1,0
0,0,10382.0,37.8,148.0,0,63,0,3,1,True,False,False,False,False,1,0,0,0,0,0,0,0,0,0,1,0.27702105263157895,0.8064516129032258,0,0,0,0,0,0,0,0,0,0,0,1,0,0
1,0,3509.0,36.0,295.0,1,63,0,0,2,True,False,False,False,False,3,0,0,0,0,0,0,0,0,0,0,0.16362105263157894,0.22580645161290322,0,0,0,1,0,0,0,0,0,0,0,0,0,0
1,0,5280.0,8.8,114.0,0,63,0,2,0,False,False,False,False,True,0,0,0,0,0,1,0,0,0,0,0,0.21246315789473685,0.27419354838709675,0,0,0,1,0,0,0,0,0,0,0,0,0,0
1,0,4391.0,34.2,107.0,0,63,0,2,0,False,True,False,False,False,0,0,0,0,0,0,0,0,0,0,0,0.09653684210526316,0.3548387096774194,0,0,0,0,0,0,0,0,0,0,0,0,1,0
1,1,8022.0,9.4,216.0,4,63,0,2,0,False,True,False,False,False,3,0,0,0,0,0,0,0,0,0,0,0.3364526315789474,0.25806451612903225,0,0,0,0,0,0,0,0,0,0,0,1,0,0
1,1,2827.0,4.9,104.0,0,63,0,1,0,True,False,False,False,False,1,0,0,0,0,0,0,0,0,0,1,0.061073684210526315,0.7741935483870968,0,1,0,0,0,0,0,0,0,0,0,1,0,0
1,0,7484.0,16.9,222.0,0,63,0,1,0,True,False,False,False,False,1,0,0,0,0,0,1,0,0,0,0,0.1927684210526316,0.08064516129032258,0,0,1,0,0,0,1,0,0,0,0,0,0,0
0,1,11577.0,21.1,327.0,1,63,1,2,0,False,False,True,False,False,3,0,0,0,0,0,0,0,0,0,0,0.010526315789473684,0.7903225806451613,0,0,0,0,0,0,0,1,0,0,0,0,0,0
0,0,4961.0,19.5,191.0,1,63,0,3,1,False,True,False,False,False,3,0,0,0,0,0,0,0,0,0,0,0.2200842105263158,0.6290322580645161,0,0,0,0,0,0,0,1,0,0,0,0,0,0
0,0,2373.0,9.0,99.0,0,63,0,0,0,True,False,False,False,False,1,0,0,0,0,0,0,0,0,0,1,0.36228421052631576,0.3225806451612903,0,0,0,0,0,0,0,1,0,0,0,0,0,0
1,0,2461.0,28.4,265.0,0,62,0,3,1,False,False,True,False,False,3,0,0,0,0,0,0,0,0,0,0,0.17861052631578947,0.03225806451612903,0,0,1,0,0,0,0,0,0,1,0,0,0,0
1,0,2530.0,16.8,209.0,1,62,0,1,2,True,False,False,False,False,3,0,0,0,0,0,0,0,0,0,0,0.5349157894736842,0.3548387096774194,0,0,0,0,0,1,0,0,0,0,0,0,0,0
1,0,6868.0,9.6,182.0,1,62,0,1,0,False,False,True,False,False,3,0,0,0,0,0,0,0,0,0,0,0.3349684210526316,0.06451612903225806,0,0,1,0,0,0,1,0,0,0,0,0,0,0
1,0,10810.0,26.4,241.0,1,62,0,2,2,True,False,False,False,False,3,0,0,0,0,0,0,0,0,0,0,0.12287368421052632,0.7419354838709677,0,0,0,1,0,0,0,0,0,0,0,0,0,0
1,1,13776.125,50.099999999999994,129.0,3,62,0,2,0,True,False,False,False,False,1,0,0,0,0,0,1,0,0,0,0,0.5212210526315789,0.532258064516129,0,0,0,0,1,0,0,0,0,0,0,0,0,0
1,0,4018.0,20.2,145.0,1,62,0,1,1,True,False,False,False,False,1,0,0,0,0,0,0,0,0,1,0,0.25353684210526317,0.6290322580645161,0,0,0,0,0,0,1,0,0,0,0,0,0,0
1,1,7235.0,12.8,204.0,1,62,0,2,0,True,False,False,False,False,3,0,0,0,0,0,0,0,0,0,0,0.05230526315789474,0.8225806451612904,0,0,0,0,0,0,0,0,0,0,1,0,0,0
1,1,4231.0,17.7,37.0,3,62,0,1,1,True,False,False,False,False,3,0,0,0,0,0,0,0,0,0,0,0.18683157894736843,0.5161290322580645,0,0,0,0,0,0,0,0,0,0,0,0,1,0
1,0,2310.0,6.6,206.0,0,62,0,2,0,True,False,False,False,False,0,0,0,0,0,1,0,0,0,0,0,0.17,0.3870967741935484,0,0,0,0,0,0,0,0,0,0,0,1,0,0
0,0,2618.0,37.1,329.0,0,62,0,3,2,False,False,False,True,False,2,0,1,1,0,0,0,0,0,0,0,0.2760947368421053,0.7903225806451613,0,0,0,0,0,0,0,0,0,0,0,0,1,0
1,0,5502.0,14.1,150.0,0,62,0,3,0,True,False,False,False,False,1,0,0,0,1,0,0,0,0,0,0,0.30262105263157896,0.16129032258064516,0,0,0,0,0,0,0,0,0,0,0,1,0,0
1,1,1916.0,2.1,278.0,1,62,0,2,0,False,False,False,True,False,1,0,0,0,0,0,0,0,0,0,1,0.1955578947368421,0.25806451612903225,0,0,0,0,0,0,0,0,0,1,0,0,0,0
1,0,3059.0,9.0,162.0,1,62,0,3,0,False,False,True,False,False,1,0,0,0,1,0,0,0,0,0,0,0.17356842105263157,0.6612903225806451,0,0,0,0,0,1,0,0,0,0,0,0,0,0
0,0,2173.0,19.8,102.0,2,62,0,1,2,True,False,False,False,False,0,0,0,0,0,1,0,0,0,0,0,0.12067368421052632,0.5161290322580645,0,0,0,0,0,0,0,0,0,1,0,0,0,0
0,0,2059.0,18.6,260.0,0,62,0,0,0,False,False,False,True,False,3,0,0,0,0,0,0,0,0,0,0,0.2325684210526316,0.8225806451612904,0,0,0,0,0,0,1,0,0,0,0,0,0,0
0,1,3012.0,4.9,221.0,0,62,0,0,0,False,False,True,False,False,1,0,0,0,0,0,1,0,0,0,0,0.31046315789473683,0.6935483870967742,0,1,0,0,0,0,0,0,0,1,0,0,0,0
1,0,2253.0,7.9,237.0,1,62,0,2,1,False,False,True,False,False,1,0,0,0,0,0,0,0,0,0,1,0.19518947368421052,0.3064516129032258,0,0,0,0,0,0,0,0,0,0,0,0,1,0
1,0,6701.0,18.0,350.0,0,62,0,3,2,True,False,False,False,False,0,0,0,0,0,1,0,0,0,0,0,0.44086315789473685,0.2903225806451613,0,0,0,0,0,0,0,0,0,1,0,0,0,0
1,1,8876.0,13.8,163.0,2,62,0,0,2,False,False,False,True,False,3,0,0,0,0,0,0,0,0,0,0,0.04923157894736842,0.7096774193548387,0,0,0,0,0,1,0,0,0,0,0,0,0,0
1,1,13776.125,19.2,412.0,3,62,0,1,1,False,False,False,True,False,2,0,1,1,0,0,0,0,0,0,0,0.16883157894736842,0.2903225806451613,0,0,0,0,0,0,0,0,1,0,0,0,0,0
0,1,13776.125,41.0,169.0,2,62,1,3,2,True,False,False,False,False,3,0,0,0,0,0,0,0,0,0,0,0.08167368421052631,0.0,0,0,1,0,0,1,0,0,0,0,0,0,0,0
0,1,13776.125,8.4,176.0,3,62,0,3,2,True,False,False,False,False,3,0,0,0,0,0,0,0,0,0,0,0.15421052631578946,0.1935483870967742,0,0,0,0,0,0,0,1,0,0,0,0,0,0
0,1,7771.0,25.9,161.0,1,62,0,2,0,True,False,False,False,False,1,0,0,0,1,0,0,0,0,0,0,0.14905263157894738,0.7258064516129032,0,0,0,0,0,0,1,0,0,0,0,0,0,0
0,0,1777.0,13.8,49.0,2,62,0,0,2,False,False,True,False,False,3,0,0,0,0,0,0,0,0,0,0,0.18917894736842106,0.3387096774193548,0,0,0,0,0,0,0,0,0,0,0,1,0,0
0,0,3747.0,2.5,221.0,0,62,0,2,2,False,False,False,True,False,1,0,0,0,0,0,1,0,0,0,0,0.1922421052631579,0.25806451612903225,0,0,0,1,0,0,0,0,0,0,0,0,0,0
1,1,8003.0,4.9,76.0,2,62,0,1,1,True,False,False,False,False,3,0,0,0,0,0,0,0,0,0,0,0.09510526315789473,0.7419354838709677,0,0,0,0,0,0,0,0,0,0,0,0,0,1
0,0,4363.0,10.9,277.0,1,62,0,1,2,False,False,False,True,False,0,0,0,0,0,0,0,0,0,0,0,0.29030526315789473,0.43548387096774194,0,0,0,0,0,0,0,0,0,1,0,0,0,0
0,0,2969.0,23.3,113.0,1,62,0,0,2,False,True,False,False,False,2,0,1,1,0,0,0,0,0,0,0,0.18368421052631578,0.2903225806451613,0,0,0,0,0,0,0,0,0,0,1,0,0,0
1,0,4151.0,31.2,170.0,2,62,0,1,2,True,False,False,False,False,3,0,0,0,0,0,0,0,0,0,0,0.16308421052631578,0.24193548387096775,0,0,0,0,0,0,0,0,1,0,0,0,0,0
0,0,6438.0,48.8,32.0,1,62,0,3,0,True,False,False,False,False,0,0,0,0,0,0,0,0,0,0,0,0.6307473684210526,0.6774193548387096,0,0,0,0,0,0,0,0,0,0,1,0,0,0
0,0,5645.0,12.9,301.0,1,61,0,2,0,False,True,False,False,False,2,0,1,1,0,0,0,0,0,0,0,0.25253684210526317,0.45161290322580644,0,0,0,0,0,0,0,0,0,0,0,0,0,1
0,0,5654.0,7.4,113.0,0,61,0,2,2,True,False,False,False,False,3,0,0,0,0,0,0,0,0,0,0,0.013726315789473684,0.3064516129032258,0,0,0,0,0,1,0,0,0,0,0,0,0,0
1,1,2689.0,11.2,120.0,1,61,0,2,0,False,False,True,False,False,3,0,0,0,0,0,0,0,0,0,0,0.028410526315789473,0.16129032258064516,0,0,0,0,0,0,0,0,0,0,0,0,0,1
1,0,1386.0,32.7,117.0,0,61,0,1,1,False,False,True,False,False,0,0,0,0,0,1,0,0,0,0,0,0.18401052631578949,0.7580645161290323,0,0,0,0,0,0,0,0,0,1,0,0,0,0
1,0,4533.0,31.2,46.0,1,61,0,1,1,False,False,False,True,False,3,0,0,0,0,0,0,0,0,0,0,0.40713684210526313,0.7096774193548387,0,0,0,1,0,0,0,0,0,0,0,0,0,0
1,0,2501.0,17.2,228.0,2,61,0,2,1,False,False,False,True,False,2,0,1,1,0,0,0,0,0,0,0,0.4292736842105263,0.6935483870967742,0,0,0,0,0,0,0,0,0,0,1,0,0,0
1,1,2330.0,4.8,277.0,4,61,0,2,0,True,False,False,False,False,3,0,0,0,0,0,0,0,0,0,0,0.07808421052631578,0.4032258064516129,0,0,0,0,0,0,0,0,0,0,0,1,0,0
1,0,3560.0,30.5,137.0,0,61,0,0,1,False,False,True,False,False,1,0,0,0,1,0,0,0,0,0,0,0.14005263157894737,0.0,0,0,0,0,0,0,0,0,0,0,0,0,0,1
1,0,3291.0,15.1,166.0,0,61,0,0,1,False,False,False,True,False,0,0,0,0,0,0,0,0,0,0,0,0.383,0.3870967741935484,0,0,0,0,0,0,0,0,0,0,0,1,0,0
0,0,3741.0,35.1,157.0,0,61,0,0,2,False,False,True,False,False,3,0,0,0,0,0,0,0,0,0,0,0.1250842105263158,0.5161290322580645,0,0,0,0,0,0,0,0,0,1,0,0,0,0
1,0,2741.0,37.2,124.0,1,61,0,4,2,False,False,False,False,True,2,0,1,1,0,0,0,0,0,0,0,0.17873684210526317,0.6290322580645161,0,0,0,0,1,0,0,0,0,0,0,0,0,0
1,0,5891.0,21.7,176.0,1,61,0,1,0,True,False,False,False,False,3,0,0,0,0,0,0,0,0,0,0,0.3302842105263158,0.7741935483870968,0,0,0,0,0,0,0,0,0,0,0,1,0,0
1,0,6675.0,8.0,82.0,2,61,0,1,2,True,False,False,False,False,0,0,0,0,0,1,0,0,0,0,0,0.7160328947368421,0.22580645161290322,0,0,0,0,0,0,0,0,1,0,0,0,0,0
1,1,10813.0,16.9,157.0,3,61,0,3,1,True,False,False,False,False,0,0,0,0,0,0,0,0,0,0,0,0.20133684210526315,0.5967741935483871,0,0,0,0,0,0,0,0,1,0,0,0,0,0
0,1,6872.0,11.7,192.0,3,61,1,2,2,True,False,False,False,False,0,0,0,0,0,0,0,0,0,0,0,0.0064631578947368425,0.6290322580645161,0,0,0,0,0,1,0,0,0,0,0,0,0,0
1,1,2785.0,8.2,250.0,2,61,0,1,0,False,False,False,True,False,1,0,0,0,0,0,0,0,0,1,0,0.6889894736842105,0.22580645161290322,0,0,0,0,0,0,0,0,0,0,0,1,0,0
0,1,3466.0,32.6,428.5,4,61,0,2,1,False,False,False,False,True,3,0,0,0,0,0,0,0,0,0,0,0.08897894736842105,0.43548387096774194,0,0,0,0,0,0,0,0,0,0,0,0,0,1
1,0,4447.0,48.4,242.0,0,61,0,0,0,True,False,False,False,False,3,0,0,0,0,0,0,0,0,0,0,0.6877578947368421,0.8225806451612904,0,0,0,0,0,0,0,0,0,0,1,0,0,0
1,0,3753.0,6.6,144.0,0,61,0,1,0,False,False,False,True,False,0,0,0,0,0,0,0,0,0,0,0,0.06857894736842106,0.7903225806451613,0,0,0,1,0,0,0,0,0,0,0,0,0,0
0,0,3078.0,21.8,291.0,1,61,0,1,1,False,False,True,False,False,2,0,1,1,0,0,0,0,0,0,0,0.22727368421052632,0.7741935483870968,0,0,0,1,0,0,0,0,0,0,0,0,0,0
0,0,710.0,8.1,94.0,1,61,0,1,0,True,False,False,False,False,1,0,0,0,0,0,0,0,0,1,0,0.28630526315789473,0.03225806451612903,0,0,0,1,0,0,0,0,0,0,0,0,0,0
1,1,4913.0,27.7,148.0,4,61,0,1,0,True,False,False,False,False,3,0,0,0,0,0,0,0,0,0,0,0.7160328947368421,0.27419354838709675,0,0,0,0,0,0,0,0,1,0,0,0,0,0
0,1,3388.0,11.8,180.0,3,61,0,3,0,False,False,False,True,False,2,0,1,1,0,0,0,0,0,0,0,0.21394736842105264,0.016129032258064516,0,0,1,0,0,0,0,0,1,0,0,0,0,0
0,1,4246.0,20.3,426.0,2,61,0,1,0,True,False,False,False,False,1,0,0,0,1,0,0,0,0,0,0,0.28202105263157895,0.7419354838709677,0,0,0,0,0,0,0,0,0,0,1,0,0,0
0,0,4672.0,23.8,428.5,0,61,0,1,1,True,False,False,False,False,1,0,0,0,0,0,0,0,0,1,0,0.06782105263157895,0.03225806451612903,0,0,1,0,0,0,1,0,0,0,0,0,0,0
0,0,3989.0,21.5,91.0,2,61,0,0,1,True,False,False,False,False,1,0,0,0,1,0,0,0,0,0,0,0.4376,0.8064516129032258,0,0,0,0,0,0,0,1,0,0,0,0,0,0
1,1,4036.0,3.2,84.0,0,61,0,1,0,False,False,True,False,False,3,0,0,0,0,0,0,0,0,0,0,0.1986736842105263,0.7580645161290323,0,1,0,0,0,0,0,0,0,1,0,0,0,0
1,1,8472.0,10.9,251.0,1,61,0,2,0,True,False,False,False,False,1,0,0,0,0,0,1,0,0,0,0,0.16014736842105262,0.4838709677419355,0,0,0,0,0,1,0,0,0,0,0,0,0,0
1,1,6826.0,9.7,121.0,3,61,0,0,2,True,False,False,False,False,1,0,0,0,0,0,0,0,0,0,1,0.4072421052631579,0.14516129032258066,0,0,0,0,0,0,0,0,1,0,0,0,0,0
1,0,4103.0,49.2,127.0,0,61,0,1,2,False,False,False,True,False,1,0,0,0,1,0,0,0,0,0,0,0.15710526315789475,0.3709677419354839,0,0,0,0,0,0,1,0,0,0,0,0,0,0
0,0,6055.0,8.9,102.0,1,60,0,2,1,False,False,False,False,True,0,0,0,0,0,1,0,0,0,0,0,0.1646,0.7741935483870968,0,0,0,0,1,0,0,0,0,0,0,0,0,0
0,0,3784.0,40.5,221.0,1,60,0,2,0,False,False,False,True,False,0,0,0,0,0,0,0,0,0,0,0,0.2022421052631579,0.06451612903225806,0,0,1,0,0,0,0,0,0,1,0,0,0,0
0,1,7226.0,22.7,265.0,1,60,0,2,0,False,False,False,True,False,3,0,0,0,0,0,0,0,0,0,0,0.2693894736842105,0.7258064516129032,0,0,0,0,0,0,0,0,0,0,0,1,0,0
1,1,2273.0,6.6,128.0,2,60,0,2,0,False,False,False,True,False,1,0,0,0,0,0,1,0,0,0,0,0.4805894736842105,0.7096774193548387,0,0,0,0,1,0,0,0,0,0,0,0,0,0
0,1,9732.0,27.8,139.0,1,60,0,2,0,True,False,False,False,False,3,0,0,0,0,0,0,0,0,0,0,0.2023157894736842,0.5806451612903226,0,0,0,0,0,0,0,0,1,0,0,0,0,0
0,0,6826.0,32.5,226.0,1,60,0,3,2,False,False,False,True,False,1,0,0,0,0,0,1,0,0,0,0,0.11755789473684211,0.4838709677419355,0,0,0,0,0,0,0,1,0,0,0,0,0,0
0,0,6694.0,9.1,111.0,0,60,0,3,2,True,False,False,False,False,3,0,0,0,0,0,0,0,0,0,0,0.2627894736842105,0.25806451612903225,0,0,0,0,1,0,0,0,0,0,0,0,0,0
0,0,6135.0,19.3,221.0,2,60,0,1,2,True,False,False,False,False,3,0,0,0,0,0,0,0,0,0,0,0.16229473684210527,0.08064516129032258,0,0,1,0,0,0,0,0,0,1,0,0,0,0
0,0,7378.0,43.4,111.0,1,60,0,0,0,False,False,False,True,False,0,0,0,0,0,1,0,0,0,0,0,0.2810736842105263,0.6290322580645161,0,0,0,0,0,0,0,0,0,0,0,1,0,0
1,1,13776.125,8.5,152.0,3,60,0,4,2,True,False,False,False,False,1,0,0,0,0,0,1,0,0,0,0,0.20858947368421052,0.7258064516129032,0,0,0,0,1,0,0,0,0,0,0,0,0,0
0,0,4797.0,23.8,68.0,2,60,0,1,1,False,False,True,False,False,3,0,0,0,0,0,0,0,0,0,0,0.40053684210526314,0.016129032258064516,0,0,0,0,0,0,0,0,0,0,0,0,0,1
1,1,13776.125,7.5,36.0,0,60,1,2,0,True,False,False,False,False,3,0,0,0,0,0,0,0,0,0,0,0.14278947368421052,0.41935483870967744,0,1,0,0,0,0,0,1,0,0,0,0,0,0
0,1,2596.0,21.0,129.0,2,60,0,0,0,True,False,False,False,False,1,0,0,0,0,0,0,0,0,0,1,0.38442105263157894,0.5161290322580645,0,0,0,0,0,0,0,0,0,0,0,0,1,0
0,1,7986.0,19.5,168.0,2,60,0,2,2,False,False,False,True,False,3,0,0,0,0,0,0,0,0,0,0,0.13078947368421054,0.7580645161290323,0,0,0,0,0,0,0,0,0,1,0,0,0,0
1,0,1109.0,19.8,182.0,0,60,0,2,0,True,False,False,False,False,0,0,0,0,0,1,0,0,0,0,0,0.44737894736842104,0.20967741935483872,0,0,0,0,0,0,0,0,0,0,0,0,1,0
1,0,8860.0,29.4,100.0,0,60,0,1,0,False,False,False,False,True,3,0,0,0,0,0,0,0,0,0,0,0.5180736842105264,0.1774193548387097,0,0,0,0,0,0,0,0,0,0,0,1,0,0
0,0,7881.0,30.4,150.0,0,60,0,3,2,True,False,False,False,False,3,0,0,0,0,0,0,0,0,0,0,0.11778947368421053,0.6290322580645161,0,0,0,0,0,0,0,1,0,0,0,0,0,0
0,1,9629.0,3.6,183.0,0,60,0,2,0,False,False,True,False,False,0,0,0,0,0,0,0,0,0,0,0,0.23598947368421053,0.1774193548387097,0,1,0,0,0,0,1,0,0,0,0,0,0,0
1,0,8431.0,6.3,237.0,0,60,0,4,0,False,False,True,False,False,2,0,1,1,0,0,0,0,0,0,0,0.2348,0.532258064516129,0,0,0,0,0,0,0,0,0,1,0,0,0,0
1,0,3837.0,40.6,394.0,1,60,0,2,1,False,False,False,False,True,0,0,0,0,0,0,0,0,0,0,0,0.2344842105263158,0.5967741935483871,0,0,0,0,0,0,0,0,1,0,0,0,0,0
1,0,8500.0,11.2,137.0,1,60,0,1,0,False,False,True,False,False,0,0,0,0,0,0,0,0,0,0,0,0.7160328947368421,0.3870967741935484,0,0,0,1,0,0,0,0,0,0,0,0,0,0
0,0,7491.0,42.5,347.0,1,60,0,1,2,False,False,True,False,False,1,0,0,0,1,0,0,0,0,0,0,0.1495578947368421,0.41935483870967744,0,0,0,0,0,1,0,0,0,0,0,0,0,0
1,1,11792.0,9.3,271.0,1,60,0,2,0,True,False,False,False,False,1,0,0,0,0,0,1,0,0,0,0,0.4003578947368421,0.3225806451612903,0,0,0,0,0,0,0,0,1,0,0,0,0,0
1,1,4602.0,11.2,95.0,3,60,0,3,0,False,False,True,False,False,0,0,0,0,0,0,0,0,0,0,0,0.3367894736842105,0.5161290322580645,0,0,0,0,1,0,0,0,0,0,0,0,0,0
0,0,11643.0,13.3,257.0,0,60,0,0,2,True,False,False,False,False,1,0,0,0,0,0,1,0,0,0,0,0.07344210526315789,0.6129032258064516,0,0,0,0,0,0,0,0,1,0,0,0,0,0
1,1,9749.0,26.7,250.0,4,60,0,2,1,True,False,False,False,False,1,0,0,0,0,0,0,0,0,0,1,0.30166315789473686,0.8225806451612904,0,0,0,0,1,0,0,0,0,0,0,0,0,0
1,0,3175.0,20.2,222.0,1,60,0,1,2,False,False,False,True,False,1,0,0,0,0,0,1,0,0,0,0,0.3472,0.45161290322580644,0,0,0,0,0,0,0,0,0,0,0,1,0,0
0,0,3017.0,21.8,76.0,1,60,0,4,1,True,False,False,False,False,1,0,0,0,1,0,0,0,0,0,0,0.2584736842105263,0.2903225806451613,0,0,0,0,0,0,0,0,0,0,0,1,0,0
0,1,8219.0,20.3,143.0,3,60,0,2,1,True,False,False,False,False,1,0,0,0,0,0,0,0,0,0,1,0.7160328947368421,0.7741935483870968,0,0,0,0,0,0,0,0,0,0,0,0,1,0
1,0,8410.0,9.1,287.0,0,60,0,3,2,False,False,True,False,False,1,0,0,0,1,0,0,0,0,0,0,0.10792631578947369,0.016129032258064516,0,0,1,0,1,0,0,0,0,0,0,0,0,0
1,0,10799.0,25.6,215.0,1,59,0,3,2,False,False,True,False,False,0,0,0,0,0,1,0,0,0,0,0,0.12962105263157894,0.7096774193548387,0,0,0,1,0,0,0,0,0,0,0,0,0,0
0,1,5424.0,17.7,145.0,2,59,0,1,0,False,False,True,False,False,0,0,0,0,0,0,0,0,0,0,0,0.04453684210526316,0.16129032258064516,0,0,0,0,0,0,0,0,1,0,0,0,0,0
0,1,7868.0,16.6,155.0,2,59,0,3,2,False,False,True,False,False,3,0,0,0,0,0,0,0,0,0,0,0.16593684210526316,0.16129032258064516,0,0,0,0,0,0,0,0,0,0,0,0,1,0
1,0,13776.125,30.7,116.0,1,59,0,2,2,False,False,False,True,False,1,0,0,0,0,0,0,0,0,0,1,0.606,0.7741935483870968,0,0,0,0,0,1,0,0,0,0,0,0,0,0
0,0,4923.0,9.9,109.0,1,59,0,2,2,True,False,False,False,False,0,0,0,0,0,0,0,0,0,0,0,0.266578947368421,0.6451612903225806,0,0,0,0,0,0,0,0,0,1,0,0,0,0
0,0,7022.0,2.2,53.0,0,59,0,1,2,True,False,False,False,False,1,0,0,0,0,0,0,0,0,1,0,0.41337894736842107,0.03225806451612903,0,0,0,0,0,0,1,0,0,0,0,0,0,0
1,1,3729.0,14.0,68.0,2,59,0,2,2,False,False,False,True,False,1,0,0,0,1,0,0,0,0,0,0,0.05690526315789474,0.5,0,0,0,0,0,0,0,0,0,0,0,1,0,0
1,0,11426.0,22.0,298.0,0,59,0,1,0,True,False,False,False,False,3,0,0,0,0,0,0,0,0,0,0,0.4142315789473684,0.6290322580645161,0,0,0,0,0,0,0,1,0,0,0,0,0,0
0,0,6643.0,12.4,181.0,1,59,0,2,2,False,False,False,False,True,1,0,0,0,1,0,0,0,0,0,0,0.15048421052631578,0.5,0,0,0,0,0,0,0,0,0,0,0,0,0,1
1,1,4235.0,17.3,113.0,2,59,0,4,0,True,False,False,False,False,3,0,0,0,0,0,0,0,0,0,0,0.19913684210526317,0.7903225806451613,0,0,0,0,0,0,0,0,1,0,0,0,0,0
1,0,4846.0,10.5,185.0,0,59,0,2,2,True,False,False,False,False,3,0,0,0,0,0,0,0,0,0,0,0.2687894736842105,0.24193548387096775,0,0,0,0,0,0,0,0,0,0,0,0,1,0
0,0,4172.0,21.2,199.0,0,59,0,3,0,False,False,True,False,False,1,0,0,0,0,0,0,0,0,1,0,0.28478947368421054,0.7258064516129032,0,0,0,0,0,0,0,0,0,0,0,1,0,0
0,0,4168.0,18.9,210.0,0,59,0,4,0,True,False,False,False,False,3,0,0,0,0,0,0,0,0,0,0,0.7160328947368421,0.0967741935483871,0,0,1,0,0,0,0,0,0,1,0,0,0,0
1,0,3877.0,3.3,171.0,0,59,0,2,2,False,True,False,False,False,3,0,0,0,0,0,0,0,0,0,0,0.06912631578947369,0.3225806451612903,0,0,0,0,0,0,1,0,0,0,0,0,0,0
0,0,6993.0,10.3,297.0,0,59,0,4,1,False,False,False,False,True,3,0,0,0,0,0,0,0,0,0,0,0.1746,0.3548387096774194,0,0,0,0,0,0,1,0,0,0,0,0,0,0
1,0,3039.0,18.2,167.0,0,59,0,2,2,True,False,False,False,False,3,0,0,0,0,0,0,0,0,0,0,0.41826315789473684,0.12903225806451613,0,0,1,0,0,0,1,0,0,0,0,0,0,0
1,0,9697.0,7.6,47.0,1,59,0,3,0,False,False,True,False,False,3,0,0,0,0,0,0,0,0,0,0,0.7160328947368421,0.27419354838709675,0,0,0,0,0,0,0,0,0,0,1,0,0,0
0,0,5539.0,23.4,141.0,0,59,0,1,1,True,False,False,False,False,1,0,0,0,0,0,0,0,0,0,1,0.4063473684210526,0.5,0,0,0,0,0,1,0,0,0,0,0,0,0,0
1,0,5416.0,41.8,100.0,1,59,0,3,0,False,False,False,True,False,0,0,0,0,0,0,0,0,0,0,0,0.19403157894736842,0.11290322580645161,0,0,0,0,0,0,0,0,1,0,0,0,0,0
1,0,5462.0,47.3,301.0,1,59,0,0,0,False,False,True,False,False,1,0,0,0,0,0,1,0,0,0,0,0.5308736842105263,0.6774193548387096,0,0,0,0,0,0,0,0,0,1,0,0,0,0
0,1,6286.0,16.0,286.0,2,59,0,2,0,False,False,True,False,False,3,0,0,0,0,0,0,0,0,0,0,0.08074736842105264,0.14516129032258066,0,0,1,0,0,0,0,0,0,1,0,0,0,0
0,0,2319.0,26.5,136.0,1,59,0,2,1,True,False,False,False,False,0,0,0,0,0,1,0,0,0,0,0,0.2439157894736842,0.43548387096774194,0,0,0,0,0,0,0,0,0,0,0,0,1,0
0,0,5821.0,16.5,328.0,1,59,0,1,2,True,False,False,False,False,1,0,0,0,1,0,0,0,0,0,0,0.20069473684210526,0.5967741935483871,0,0,0,1,0,0,0,0,0,0,0,0,0,0
0,1,3899.0,2.4,153.0,1,59,0,2,0,True,False,False,False,False,1,0,0,0,0,0,1,0,0,0,0,0.6851894736842106,0.5,0,0,0,0,0,0,0,0,0,0,0,0,1,0
1,1,13776.125,37.1,229.0,1,59,0,1,0,True,False,False,False,False,3,0,0,0,0,0,0,0,0,0,0,0.44722105263157896,0.12903225806451613,0,0,1,0,0,0,0,0,0,0,0,0,1,0
0,0,8303.0,10.7,176.0,0,59,0,3,0,True,False,False,False,False,0,0,0,0,0,1,0,0,0,0,0,0.32567368421052634,0.6129032258064516,0,0,0,1,0,0,0,0,0,0,0,0,0,0
0,0,5846.0,9.2,240.0,1,59,0,0,1,True,False,False,False,False,0,0,0,0,0,0,0,0,0,0,0,0.09683157894736842,0.7903225806451613,0,0,0,0,1,0,0,0,0,0,0,0,0,0
0,0,5331.0,27.5,233.0,1,59,0,2,0,True,False,False,False,False,3,0,0,0,0,0,0,0,0,0,0,0.4797578947368421,0.7419354838709677,0,0,0,0,0,0,1,0,0,0,0,0,0,0
0,0,13776.125,7.9,73.0,1,59,0,0,1,False,False,False,True,False,3,0,0,0,0,0,0,0,0,0,0,0.19521052631578947,0.0,0,0,0,0,0,1,0,0,0,0,0,0,0,0
0,0,1442.0,3.8,29.0,1,59,0,3,1,True,False,False,False,False,3,0,0,0,0,0,0,0,0,0,0,0.24517894736842105,0.5,0,0,0,0,1,0,0,0,0,0,0,0,0,0
1,1,6003.0,15.3,56.0,1,58,0,0,0,True,False,False,False,False,0,0,0,0,0,0,0,0,0,0,0,0.16434736842105263,0.3709677419354839,0,0,0,0,0,0,0,0,0,0,0,0,0,1
1,0,5434.0,10.7,198.0,0,58,0,3,0,False,False,True,False,False,0,0,0,0,0,0,0,0,0,0,0,0.04192631578947369,0.5161290322580645,0,0,0,1,0,0,0,0,0,0,0,0,0,0
1,0,2133.0,41.4,146.0,0,58,0,0,2,True,False,False,False,False,2,0,1,1,0,0,0,0,0,0,0,0.19173684210526315,0.11290322580645161,0,0,0,0,0,0,0,0,0,0,0,0,0,1
0,1,9792.0,13.4,198.0,3,58,0,2,1,False,False,False,True,False,1,0,0,0,0,0,1,0,0,0,0,0.7160328947368421,0.0,0,0,1,0,0,0,0,0,0,0,0,0,0,1
1,0,5480.0,24.4,215.0,0,58,0,3,0,True,False,False,False,False,1,0,0,0,1,0,0,0,0,0,0,0.4116,0.4838709677419355,0,0,0,0,0,0,1,0,0,0,0,0,0,0
1,1,13776.125,14.9,202.0,1,58,1,0,0,True,False,False,False,False,0,0,0,0,0,1,0,0,0,0,0,0.29928421052631576,0.43548387096774194,0,0,0,1,0,0,0,0,0,0,0,0,0,0
1,0,4271.0,43.1,159.0,1,58,0,1,0,False,False,True,False,False,3,0,0,0,0,0,0,0,0,0,0,0.40889473684210526,0.5645161290322581,0,0,0,0,0,0,0,0,1,0,0,0,0,0
0,1,12852.0,28.9,199.0,1,58,0,0,0,True,False,False,False,False,2,0,1,1,0,0,0,0,0,0,0,0.2438,0.7741935483870968,0,0,0,0,0,0,0,0,0,0,0,0,0,1
1,0,3186.0,20.7,266.0,1,58,0,2,0,True,False,False,False,False,1,0,0,0,1,0,0,0,0,0,0,0.19463157894736843,0.3225806451612903,0,0,0,0,0,0,0,0,0,0,1,0,0,0
0,1,9159.0,15.3,90.0,2,58,0,0,0,True,False,False,False,False,0,0,0,0,0,1,0,0,0,0,0,0.04777894736842105,0.0,0,0,0,0,0,0,0,0,0,0,0,0,0,1
1,0,13776.125,9.9,138.0,0,58,0,3,0,True,False,False,False,False,3,0,0,0,0,0,0,0,0,0,0,0.2547052631578947,0.6451612903225806,0,0,0,1,0,0,0,0,0,0,0,0,0,0
0,1,7023.0,11.1,428.5,2,58,0,0,0,False,False,True,False,False,1,0,0,0,0,0,0,0,0,0,1,0.30197894736842107,0.03225806451612903,0,0,1,0,0,0,0,0,0,0,0,0,0,1
1,0,3292.0,3.3,215.0,0,58,0,2,2,True,False,False,False,False,3,0,0,0,0,0,0,0,0,0,0,0.28583157894736844,0.0967741935483871,0,0,1,0,0,0,0,0,0,0,0,0,0,1
0,0,9906.0,20.6,156.0,0,58,0,1,1,True,False,False,False,False,0,0,0,0,0,1,0,0,0,0,0,0.06195789473684211,0.5483870967741935,0,0,0,0,0,0,0,0,0,0,0,0,0,1
0,0,5870.0,21.1,52.0,0,58,0,4,1,False,False,False,True,False,3,0,0,0,0,0,0,0,0,0,0,0.12617894736842106,0.7741935483870968,0,0,0,0,0,0,0,0,0,0,0,0,0,1
0,1,9962.0,15.2,246.0,2,58,0,2,0,False,False,True,False,False,0,0,0,0,0,0,0,0,0,0,0,0.3458631578947368,0.7903225806451613,0,0,0,0,0,0,0,0,0,1,0,0,0,0
1,1,13776.125,12.1,237.0,2,58,1,0,2,False,False,True,False,False,1,0,0,0,0,0,0,0,0,0,1,0.09945263157894736,0.20967741935483872,0,0,0,0,1,0,0,0,0,0,0,0,0,0
1,0,2588.0,28.2,206.0,1,58,0,2,1,True,False,False,False,False,1,0,0,0,0,0,1,0,0,0,0,0.09052631578947369,0.7258064516129032,0,0,0,0,0,0,0,0,0,0,0,0,0,1
0,0,8928.0,17.3,62.0,1,58,0,3,1,True,False,False,False,False,1,0,0,0,0,0,1,0,0,0,0,0.11767368421052632,0.45161290322580644,0,0,0,0,0,0,0,0,0,0,0,1,0,0
0,1,7864.0,39.4,254.0,1,58,0,0,0,True,False,False,False,False,1,0,0,0,0,0,0,0,0,0,1,0.12582105263157894,0.06451612903225806,0,0,1,0,0,0,0,0,0,0,1,0,0,0
1,1,6372.0,35.1,166.0,2,58,0,1,0,True,False,False,False,False,1,0,0,0,0,0,0,0,0,1,0,0.044810526315789474,0.7580645161290323,0,0,0,0,0,0,1,0,0,0,0,0,0,0
0,1,7968.0,4.9,175.0,3,58,0,2,1,True,False,False,False,False,1,0,0,0,0,0,1,0,0,0,0,0.14442105263157895,0.3225806451612903,0,0,0,0,0,0,0,0,0,0,0,0,1,0
1,1,1676.0,14.3,142.0,5,58,0,2,1,True,False,False,False,False,0,0,0,0,0,0,0,0,0,0,0,0.1158421052631579,0.27419354838709675,0,0,0,0,0,0,0,0,0,1,0,0,0,0
0,0,2905.0,36.3,89.0,2,58,0,1,2,True,False,False,False,False,0,0,0,0,0,1,0,0,0,0,0,0.5717684210526316,0.6290322580645161,0,0,0,0,0,0,0,0,0,0,0,1,0,0
0,0,4652.0,14.9,148.0,0,58,0,3,1,False,False,True,False,False,3,0,0,0,0,0,0,0,0,0,0,0.14905263157894738,0.3548387096774194,0,0,0,0,0,0,0,0,0,0,0,0,0,1
1,0,13776.125,25.7,120.0,2,58,0,1,2,True,False,False,False,False,2,0,1,1,0,0,0,0,0,0,0,0.5382105263157895,0.2903225806451613,0,0,0,0,0,0,0,0,0,0,0,1,0,0
0,0,3754.0,19.0,185.0,0,58,0,2,1,False,False,False,True,False,3,0,0,0,0,0,0,0,0,0,0,0.1704421052631579,0.5,0,0,0,0,0,0,0,0,0,0,1,0,0,0
0,0,4357.0,31.7,269.0,0,58,0,3,0,True,False,False,False,False,2,0,1,1,0,0,0,0,0,0,0,0.21977894736842105,0.3709677419354839,0,0,0,0,0,0,0,0,0,0,0,1,0,0
0,0,5508.0,10.0,85.0,1,58,0,1,2,True,False,False,False,False,3,0,0,0,0,0,0,0,0,0,0,0.20098947368421052,0.22580645161290322,0,0,0,0,0,0,0,0,0,1,0,0,0,0
1,0,2293.0,14.4,46.0,1,58,0,2,1,False,False,False,False,True,1,0,0,0,1,0,0,0,0,0,0,0.23001052631578947,0.25806451612903225,0,0,0,0,0,0,0,0,0,1,0,0,0,0
1,1,4353.0,16.9,404.0,2,57,0,2,0,True,False,False,False,False,0,0,0,0,0,0,0,0,0,0,0,0.07013684210526316,0.27419354838709675,0,0,0,0,0,0,0,0,0,0,0,0,1,0
0,1,3328.0,8.6,323.0,4,57,0,3,0,True,False,False,False,False,3,0,0,0,0,0,0,0,0,0,0,0.0746,0.11290322580645161,0,0,1,0,1,0,0,0,0,0,0,0,0,0
1,1,1457.0,8.2,147.0,3,57,0,2,2,False,False,False,True,False,2,0,1,1,0,0,0,0,0,0,0,0.1346315789473684,0.11290322580645161,0,0,0,0,0,0,0,0,0,0,0,0,1,0
1,0,1177.0,19.8,151.0,0,57,0,1,2,True,False,False,False,False,1,0,0,0,0,0,1,0,0,0,0,0.5661263157894737,0.8064516129032258,0,0,0,0,0,0,0,0,0,0,0,0,0,1
1,0,4448.0,16.7,246.0,0,57,0,3,2,False,True,False,False,False,2,0,1,1,0,0,0,0,0,0,0,0.6499894736842106,0.5645161290322581,0,0,0,0,0,0,0,0,0,0,0,0,1,0
1,1,5643.0,11.7,73.0,2,57,0,1,0,False,False,True,False,False,0,0,0,0,0,0,0,0,0,0,0,0.16731578947368422,0.7741935483870968,0,0,0,0,1,0,0,0,0,0,0,0,0,0
1,0,4378.0,10.0,254.0,0,57,0,3,1,True,False,False,False,False,0,0,0,0,0,1,0,0,0,0,0,0.2638736842105263,0.0,0,0,1,1,0,0,0,0,0,0,0,0,0,0
1,0,2774.0,24.6,51.0,1,57,0,2,2,False,False,False,True,False,1,0,0,0,0,0,1,0,0,0,0,0.33114736842105263,0.3387096774193548,0,0,0,0,0,0,0,0,0,0,0,0,1,0
1,1,7805.0,14.6,131.0,2,57,0,0,0,False,False,False,True,False,1,0,0,0,0,0,1,0,0,0,0,0.13857894736842105,0.46774193548387094,0,0,0,1,0,0,0,0,0,0,0,0,0,0
0,0,1846.0,28.4,204.0,2,57,0,0,2,False,False,True,False,False,3,0,0,0,0,0,0,0,0,0,0,0.06525263157894737,0.4838709677419355,0,0,0,0,1,0,0,0,0,0,0,0,0,0
1,1,4983.0,4.3,46.0,2,57,0,3,0,True,False,False,False,False,1,0,0,0,0,0,0,0,0,1,0,0.3246631578947368,0.14516129032258066,0,0,0,0,0,0,0,0,0,0,1,0,0,0
1,1,4032.0,8.5,167.0,1,57,0,3,0,True,False,False,False,False,1,0,0,0,1,0,0,0,0,0,0,0.04956842105263158,0.7258064516129032,0,0,0,0,1,0,0,0,0,0,0,0,0,0
0,0,3473.0,42.2,172.0,0,57,0,2,1,True,False,False,False,False,3,0,0,0,0,0,0,0,0,0,0,0.05711578947368421,0.7741935483870968,0,0,0,0,0,0,0,0,1,0,0,0,0,0
0,1,7924.0,21.7,146.0,3,57,0,2,1,True,False,False,False,False,3,0,0,0,0,0,0,0,0,0,0,0.34153684210526314,0.14516129032258066,0,0,0,0,0,0,0,0,0,0,1,0,0,0
0,1,13776.125,50.099999999999994,90.0,2,57,0,2,0,True,False,False,False,False,0,0,0,0,0,1,0,0,0,0,0,0.17015789473684212,0.016129032258064516,0,0,0,0,0,0,0,0,0,0,0,1,0,0
0,1,2758.0,4.3,138.0,1,57,0,0,0,True,False,False,False,False,2,0,1,1,0,0,0,0,0,0,0,0.33610526315789474,0.3225806451612903,0,0,0,1,0,0,0,0,0,0,0,0,0,0
1,0,2435.0,15.5,169.0,1,57,0,2,0,False,False,True,False,False,1,0,0,0,1,0,0,0,0,0,0,0.3392631578947368,0.25806451612903225,0,0,0,0,0,0,0,0,0,1,0,0,0,0
1,0,4568.0,22.1,233.0,2,57,0,2,2,True,False,False,False,False,0,0,0,0,0,1,0,0,0,0,0,0.17787368421052632,0.24193548387096775,0,0,0,0,0,1,0,0,0,0,0,0,0,0
1,1,12207.0,3.8,136.0,2,57,0,1,1,False,False,True,False,False,1,0,0,0,0,0,0,0,0,0,1,0.29330526315789474,0.7419354838709677,0,0,0,0,0,0,0,0,0,0,1,0,0,0
0,0,3894.0,10.4,142.0,1,57,0,2,0,True,False,False,False,False,3,0,0,0,0,0,0,0,0,0,0,0.18948421052631578,0.6774193548387096,0,0,0,1,0,0,0,0,0,0,0,0,0,0
0,1,12142.0,28.0,358.0,1,57,0,1,0,True,False,False,False,False,1,0,0,0,0,0,0,0,0,0,1,0.4335473684210526,0.41935483870967744,0,0,0,1,0,0,0,0,0,0,0,0,0,0
1,0,4012.0,22.5,330.0,1,57,0,1,2,False,False,False,True,False,1,0,0,0,0,0,0,0,0,1,0,0.13617894736842107,0.5645161290322581,0,0,0,0,0,0,0,0,0,0,0,0,1,0
1,0,5796.0,8.6,97.0,0,57,0,2,2,False,False,False,True,False,3,0,0,0,0,0,0,0,0,0,0,0.15481052631578948,0.03225806451612903,0,0,0,0,1,0,0,0,0,0,0,0,0,0
0,1,4851.0,14.3,48.0,4,57,0,1,0,False,False,False,True,False,1,0,0,0,0,0,0,0,0,0,1,0.2846526315789474,0.3064516129032258,0,0,0,0,0,0,0,0,1,0,0,0,0,0
0,1,10613.0,18.5,154.0,2,57,1,3,1,False,False,False,False,True,3,0,0,0,0,0,0,0,0,0,0,0.05406315789473684,0.08064516129032258,0,0,0,0,0,0,1,0,0,0,0,0,0,0
0,0,6151.0,50.099999999999994,125.0,1,57,0,3,0,True,False,False,False,False,1,0,0,0,0,0,0,0,0,1,0,0.5451473684210526,0.20967741935483872,0,0,0,1,0,0,0,0,0,0,0,0,0,0
1,0,5426.0,24.1,140.0,0,57,0,2,0,True,False,False,False,False,1,0,0,0,0,0,0,0,0,0,1,0.1023578947368421,0.03225806451612903,0,0,0,0,0,0,0,0,0,1,0,0,0,0
1,0,3044.0,10.2,111.0,2,57,0,2,1,False,False,False,False,True,0,0,0,0,0,1,0,0,0,0,0,0.22807368421052632,0.5161290322580645,0,0,0,0,0,0,0,0,0,0,0,0,1,0
1,0,2398.0,23.5,248.0,1,57,0,1,0,True,False,False,False,False,1,0,0,0,0,0,0,0,0,0,1,0.20097894736842106,0.6451612903225806,0,0,0,0,0,0,1,0,0,0,0,0,0,0
1,1,4726.0,31.2,135.0,1,57,0,2,0,False,False,False,False,True,3,0,0,0,0,0,0,0,0,0,0,0.08966315789473685,0.6129032258064516,0,0,0,0,0,0,0,1,0,0,0,0,0,0
0,0,11357.0,27.3,109.0,0,56,0,1,2,False,False,True,False,False,1,0,0,0,0,0,0,0,0,0,1,0.1791263157894737,0.5,0,0,0,0,1,0,0,0,0,0,0,0,0,0
0,0,2872.0,30.2,428.5,0,56,0,2,0,True,False,False,False,False,3,0,0,0,0,0,0,0,0,0,0,0.16523157894736842,0.1774193548387097,0,0,0,0,0,0,0,0,1,0,0,0,0,0
0,0,8724.0,22.8,177.0,2,56,0,4,1,False,False,False,False,True,0,0,0,0,0,1,0,0,0,0,0,0.36509473684210525,0.3548387096774194,0,0,0,0,0,0,0,0,0,0,1,0,0,0
1,0,4669.0,12.0,111.0,1,56,0,4,1,True,False,False,False,False,3,0,0,0,0,0,0,0,0,0,0,0.23585263157894737,0.0,0,0,0,0,0,0,0,1,0,0,0,0,0,0
0,1,3506.0,6.8,244.0,2,56,0,2,2,True,False,False,False,False,0,0,0,0,0,0,0,0,0,0,0,0.02636842105263158,0.3387096774193548,0,0,0,0,0,0,0,0,0,0,0,0,1,0
0,0,4427.0,27.0,153.0,1,56,0,2,2,False,False,True,False,False,1,0,0,0,1,0,0,0,0,0,0,0.3210736842105263,0.6935483870967742,0,0,0,0,0,0,0,1,0,0,0,0,0,0
1,1,13776.125,13.2,197.0,1,56,1,3,2,True,False,False,False,False,3,0,0,0,0,0,0,0,0,0,0,0.09273684210526316,0.016129032258064516,0,0,1,0,0,1,0,0,0,0,0,0,0,0
1,1,12499.0,7.7,347.0,1,56,0,2,0,False,False,False,True,False,1,0,0,0,1,0,0,0,0,0,0,0.1820736842105263,0.22580645161290322,0,0,0,0,0,0,0,0,0,0,0,0,0,1
1,0,3642.0,21.9,20.0,0,56,0,3,1,True,False,False,False,False,3,0,0,0,0,0,0,0,0,0,0,0.1557578947368421,0.2903225806451613,0,0,0,0,0,0,0,0,0,0,1,0,0,0
1,0,3744.0,15.8,93.0,0,56,0,1,0,True,False,False,False,False,2,0,1,1,0,0,0,0,0,0,0,0.13170526315789474,0.5645161290322581,0,0,0,0,0,1,0,0,0,0,0,0,0,0
1,0,6074.0,14.6,106.0,1,56,0,1,2,True,False,False,False,False,0,0,0,0,0,1,0,0,0,0,0,0.22014736842105262,0.16129032258064516,0,0,0,0,1,0,0,0,0,0,0,0,0,0
1,0,10403.0,13.4,357.0,1,56,0,2,0,False,False,False,True,False,3,0,0,0,0,0,0,0,0,0,0,0.4666315789473684,0.5483870967741935,0,0,0,0,0,0,0,0,0,0,0,0,1,0
1,0,3743.0,40.4,156.0,0,56,0,2,0,False,True,False,False,False,1,0,0,0,0,0,1,0,0,0,0,0.6600315789473684,0.7903225806451613,0,0,0,0,0,1,0,0,0,0,0,0,0,0
1,0,2639.0,34.6,116.0,0,56,0,3,0,False,False,True,False,False,1,0,0,0,1,0,0,0,0,0,0,0.22833684210526317,0.0967741935483871,0,0,0,0,0,0,0,1,0,0,0,0,0,0
0,0,6866.0,20.2,169.0,0,56,0,2,2,True,False,False,False,False,3,0,0,0,0,0,0,0,0,0,0,0.1003578947368421,0.16129032258064516,0,0,0,0,0,0,0,0,0,1,0,0,0,0
0,0,2430.0,7.4,152.0,1,56,0,2,0,False,False,False,True,False,1,0,0,0,1,0,0,0,0,0,0,0.34002105263157895,0.7419354838709677,0,0,0,0,0,0,0,1,0,0,0,0,0,0
0,1,9642.0,30.7,202.0,3,56,0,1,2,False,True,False,False,False,1,0,0,0,0,0,1,0,0,0,0,0.08382105263157895,0.41935483870967744,0,0,0,0,1,0,0,0,0,0,0,0,0,0
0,1,3146.0,14.7,301.0,2,56,0,1,0,False,False,True,False,False,1,0,0,0,0,0,0,0,0,0,1,0.20957894736842106,0.7419354838709677,0,0,0,0,0,0,0,1,0,0,0,0,0,0
0,0,3325.0,20.6,79.0,1,56,0,0,2,False,False,True,False,False,1,0,0,0,1,0,0,0,0,0,0,0.4789473684210526,0.22580645161290322,0,0,0,0,0,0,0,0,1,0,0,0,0,0
1,0,1068.0,50.099999999999994,203.0,0,56,0,2,2,False,False,False,True,False,3,0,0,0,0,0,0,0,0,0,0,0.21154736842105262,0.11290322580645161,0,0,1,0,0,0,0,0,0,0,0,1,0,0
0,1,7395.0,15.7,156.0,2,56,0,0,0,False,True,False,False,False,1,0,0,0,0,0,0,0,0,1,0,0.15938947368421053,0.46774193548387094,0,0,0,0,0,0,0,0,0,0,0,1,0,0
0,0,9954.0,14.6,299.0,0,56,0,3,2,True,False,False,False,False,2,0,1,1,0,0,0,0,0,0,0,0.5656315789473684,0.4838709677419355,0,0,0,1,0,0,0,0,0,0,0,0,0,0
0,0,4080.0,5.9,428.5,1,56,0,4,1,False,False,False,True,False,1,0,0,0,1,0,0,0,0,0,0,0.07836842105263157,0.6774193548387096,0,0,0,1,0,0,0,0,0,0,0,0,0,0
1,0,2684.0,43.6,243.0,1,56,0,2,1,True,False,False,False,False,1,0,0,0,0,0,0,0,0,0,1,0.08752631578947369,0.7258064516129032,0,0,0,0,0,0,0,0,0,0,0,1,0,0
1,0,4823.0,16.1,204.0,1,56,0,2,0,False,False,True,False,False,3,0,0,0,0,0,0,0,0,0,0,0.20329473684210525,0.3870967741935484,0,0,0,0,0,0,0,0,0,0,1,0,0,0
0,1,4126.0,22.0,123.0,3,56,0,2,0,False,False,False,True,False,3,0,0,0,0,0,0,0,0,0,0,0.3640736842105263,0.7096774193548387,0,0,0,0,1,0,0,0,0,0,0,0,0,0
1,0,4091.0,25.4,195.0,1,56,0,2,2,True,False,False,False,False,1,0,0,0,0,0,0,0,0,1,0,0.289,0.12903225806451613,0,0,1,0,0,0,0,0,0,1,0,0,0,0
1,0,4098.0,19.2,97.0,1,56,0,2,0,False,False,False,True,False,1,0,0,0,0,0,1,0,0,0,0,0.4734736842105263,0.4032258064516129,0,0,0,0,1,0,0,0,0,0,0,0,0,0
1,1,3660.0,6.7,29.0,2,56,0,3,0,False,False,False,False,True,1,0,0,0,0,0,0,0,0,0,1,0.10738947368421052,0.5,0,0,0,0,0,0,0,0,0,0,0,0,1,0
0,1,1664.0,20.7,118.0,2,56,0,1,0,False,False,False,True,False,2,0,1,1,0,0,0,0,0,0,0,0.5179263157894737,0.6612903225806451,0,0,0,0,0,0,0,0,0,0,0,0,1,0
1,0,3641.0,8.3,428.5,1,55,0,3,0,True,False,False,False,False,0,0,0,0,0,1,0,0,0,0,0,0.2531052631578947,0.6774193548387096,0,0,0,0,0,1,0,0,0,0,0,0,0,0
0,0,13776.125,50.099999999999994,322.0,0,55,0,2,1,False,False,False,False,True,3,0,0,0,0,0,0,0,0,0,0,0.20311578947368422,0.3870967741935484,0,0,0,0,0,0,0,0,0,0,0,0,1,0
0,1,1116.0,12.3,147.0,2,55,0,4,0,True,False,False,False,False,1,0,0,0,1,0,0,0,0,0,0,0.42113684210526314,0.22580645161290322,0,0,0,0,1,0,0,0,0,0,0,0,0,0
0,0,3528.0,26.2,148.0,2,55,0,2,1,False,False,False,False,True,3,0,0,0,0,0,0,0,0,0,0,0.0656,0.5645161290322581,0,0,0,0,0,0,0,0,0,1,0,0,0,0
0,0,8643.0,10.1,361.0,2,55,0,2,1,True,False,False,False,False,0,0,0,0,0,1,0,0,0,0,0,0.7160328947368421,0.24193548387096775,0,0,0,0,0,1,0,0,0,0,0,0,0,0
1,1,3375.0,22.4,341.0,2,55,0,2,0,False,False,False,False,True,3,0,0,0,0,0,0,0,0,0,0,0.04625263157894737,0.16129032258064516,0,0,0,0,1,0,0,0,0,0,0,0,0,0
1,0,5221.0,28.2,139.0,2,55,0,2,1,False,False,True,False,False,0,0,0,0,0,0,0,0,0,0,0,0.3579263157894737,0.532258064516129,0,0,0,0,0,0,0,0,0,1,0,0,0,0
0,1,4022.0,12.7,48.0,2,55,0,1,0,False,False,False,False,True,1,0,0,0,0,0,0,0,0,1,0,0.5320421052631579,0.16129032258064516,0,0,0,1,0,0,0,0,0,0,0,0,0,0
1,1,10678.0,12.1,318.0,4,55,0,2,2,False,True,False,False,False,0,0,0,0,0,1,0,0,0,0,0,0.13165263157894738,0.6774193548387096,0,0,0,0,0,0,0,0,0,1,0,0,0,0
1,0,3674.0,26.6,140.0,1,55,0,2,1,False,False,False,True,False,3,0,0,0,0,0,0,0,0,0,0,0.30174736842105265,0.7741935483870968,0,0,0,0,0,0,1,0,0,0,0,0,0,0
1,0,6258.0,13.6,266.0,1,55,0,2,2,False,True,False,False,False,1,0,0,0,0,0,1,0,0,0,0,0.3982,0.43548387096774194,0,0,0,0,0,0,0,0,1,0,0,0,0,0
1,1,3980.0,2.3,401.0,0,55,0,4,0,True,False,False,False,False,2,0,1,1,0,0,0,0,0,0,0,0.4558842105263158,0.7096774193548387,0,1,0,0,0,0,0,0,0,0,0,1,0,0
0,0,2348.0,32.7,283.0,1,55,0,3,0,False,False,True,False,False,3,0,0,0,0,0,0,0,0,0,0,0.48666315789473685,0.7903225806451613,0,0,0,0,0,1,0,0,0,0,0,0,0,0
1,1,2248.0,41.8,97.0,4,55,0,4,0,False,False,True,False,False,1,0,0,0,1,0,0,0,0,0,0,0.11158947368421053,0.46774193548387094,0,0,0,0,0,1,0,0,0,0,0,0,0,0
0,0,2445.0,23.9,149.0,1,55,0,2,1,True,False,False,False,False,0,0,0,0,0,0,0,0,0,0,0,0.24745263157894737,0.5,0,0,0,0,0,0,0,0,0,0,0,1,0,0
1,1,8962.0,17.9,173.0,1,55,0,0,0,False,False,True,False,False,0,0,0,0,0,1,0,0,0,0,0,0.08053684210526316,0.12903225806451613,0,0,1,0,0,0,1,0,0,0,0,0,0,0
0,1,3888.0,32.9,124.0,2,55,0,2,0,True,False,False,False,False,1,0,0,0,0,0,0,0,0,0,1,0.017389473684210528,0.6935483870967742,0,0,0,0,0,1,0,0,0,0,0,0,0,0
1,0,9671.0,18.0,154.0,0,55,0,2,1,False,False,True,False,False,1,0,0,0,1,0,0,0,0,0,0,0.3920421052631579,0.7741935483870968,0,0,0,0,0,0,0,0,0,1,0,0,0,0
0,0,1527.0,21.6,164.0,1,55,0,3,2,True,False,False,False,False,1,0,0,0,1,0,0,0,0,0,0,0.27393684210526315,0.12903225806451613,0,0,0,0,0,1,0,0,0,0,0,0,0,0
0,1,7753.0,13.2,149.0,1,55,0,2,0,False,False,False,True,False,1,0,0,0,1,0,0,0,0,0,0,0.13465263157894736,0.3709677419354839,0,0,0,0,0,1,0,0,0,0,0,0,0,0
1,0,11084.0,31.6,222.0,0,55,0,3,1,False,False,False,True,False,1,0,0,0,0,0,0,0,0,1,0,0.17901052631578948,0.5806451612903226,0,0,0,0,0,0,0,0,0,0,1,0,0,0
1,0,3325.0,50.099999999999994,131.0,1,55,0,2,0,False,False,True,False,False,1,0,0,0,1,0,0,0,0,0,0,0.7160328947368421,0.25806451612903225,0,0,0,0,0,0,0,0,0,0,1,0,0,0
1,1,7613.0,6.9,254.0,2,55,0,1,0,True,False,False,False,False,2,0,1,1,0,0,0,0,0,0,0,0.3066421052631579,0.08064516129032258,0,0,1,0,0,0,0,0,0,0,0,1,0,0
0,1,10528.0,31.7,26.0,1,55,0,1,0,False,True,False,False,False,1,0,0,0,1,0,0,0,0,0,0,0.09128421052631579,0.5,0,0,0,0,0,0,0,0,0,0,1,0,0,0
0,1,4374.0,34.0,256.0,3,55,0,1,2,True,False,False,False,False,0,0,0,0,0,0,0,0,0,0,0,0.28376842105263156,0.6774193548387096,0,0,0,0,0,0,0,1,0,0,0,0,0,0
0,0,3664.0,20.8,120.0,0,55,0,3,2,False,False,False,True,False,1,0,0,0,0,0,1,0,0,0,0,0.38689473684210524,0.1935483870967742,0,0,0,0,0,0,0,0,0,1,0,0,0,0
1,1,9294.0,22.2,284.0,3,55,0,3,2,False,False,False,False,True,1,0,0,0,1,0,0,0,0,0,0,0.22805263157894737,0.7096774193548387,0,0,0,0,0,0,0,0,0,0,0,1,0,0
1,0,2012.0,20.9,173.0,2,55,0,3,2,False,False,False,True,False,1,0,0,0,0,0,1,0,0,0,0,0.06597894736842105,0.3064516129032258,0,0,0,0,0,0,0,0,0,0,0,1,0,0
0,0,3239.0,12.5,106.0,2,55,0,2,2,True,False,False,False,False,3,0,0,0,0,0,0,0,0,0,0,0.20745263157894736,0.04838709677419355,0,0,0,0,0,1,0,0,0,0,0,0,0,0
1,1,4638.0,29.1,170.0,3,55,0,1,2,True,False,False,False,False,1,0,0,0,0,0,1,0,0,0,0,0.10452631578947369,0.1935483870967742,0,0,0,0,0,0,1,0,0,0,0,0,0,0
1,0,3792.0,50.099999999999994,204.0,1,54,0,1,0,True,False,False,False,False,0,0,0,0,0,1,0,0,0,0,0,0.17492631578947368,0.6129032258064516,0,0,0,0,0,0,0,0,0,0,0,1,0,0
0,1,1306.0,10.1,215.0,2,54,0,2,0,False,False,False,False,True,0,0,0,0,0,1,0,0,0,0,0,0.42066315789473685,0.7903225806451613,0,0,0,0,0,0,1,0,0,0,0,0,0,0
1,1,10447.0,16.0,170.0,1,54,0,3,0,True,False,False,False,False,3,0,0,0,0,0,0,0,0,0,0,0.1356421052631579,0.7903225806451613,0,0,0,0,0,0,0,0,0,0,0,0,1,0
1,0,2508.0,16.0,205.0,1,54,0,1,2,False,True,False,False,False,0,0,0,0,0,1,0,0,0,0,0,0.08922105263157895,0.1935483870967742,0,0,0,0,0,0,0,0,1,0,0,0,0,0
0,0,7096.0,5.7,302.0,0,54,0,2,1,False,False,False,False,True,3,0,0,0,0,0,0,0,0,0,0,0.2390421052631579,0.5483870967741935,0,0,0,0,0,0,0,0,0,0,0,1,0,0
1,0,3344.0,1.1,363.0,1,54,0,2,2,False,False,False,False,True,1,0,0,0,1,0,0,0,0,0,0,0.35468421052631577,0.7741935483870968,0,0,0,0,0,0,1,0,0,0,0,0,0,0
0,1,8980.0,47.2,258.0,2,54,0,2,0,True,False,False,False,False,1,0,0,0,0,0,1,0,0,0,0,0.39469473684210526,0.08064516129032258,0,0,1,0,0,0,0,0,0,0,0,1,0,0
0,1,9524.0,10.6,48.0,3,54,0,3,1,True,False,False,False,False,1,0,0,0,0,0,0,0,0,0,1,0.1413578947368421,0.25806451612903225,0,0,0,0,0,0,1,0,0,0,0,0,0,0
0,0,1946.0,18.9,407.0,1,54,0,1,1,True,False,False,False,False,3,0,0,0,0,0,0,0,0,0,0,0.1760842105263158,0.5645161290322581,0,0,0,0,0,0,0,0,1,0,0,0,0,0
1,0,3894.0,11.1,190.0,2,54,0,2,1,False,False,False,False,True,2,0,1,1,0,0,0,0,0,0,0,0.2354105263157895,0.06451612903225806,0,0,1,0,0,0,1,0,0,0,0,0,0,0
1,1,4158.0,4.3,428.5,1,54,0,2,0,False,True,False,False,False,3,0,0,0,0,0,0,0,0,0,0,0.0772,0.41935483870967744,0,0,0,0,0,0,0,0,0,0,1,0,0,0
0,0,2385.0,18.9,166.0,1,54,0,3,0,True,False,False,False,False,1,0,0,0,1,0,0,0,0,0,0,0.12528421052631578,0.7258064516129032,0,0,0,0,1,0,0,0,0,0,0,0,0,0
1,0,2608.0,14.4,259.0,0,54,0,2,1,True,False,False,False,False,0,0,0,0,0,1,0,0,0,0,0,0.22426315789473683,0.27419354838709675,0,0,0,0,0,0,0,1,0,0,0,0,0,0
0,0,6326.0,16.2,153.0,2,54,0,2,2,True,False,False,False,False,2,0,1,1,0,0,0,0,0,0,0,0.2561473684210526,0.8225806451612904,0,0,0,0,0,0,0,1,0,0,0,0,0,0
1,0,3416.0,24.8,92.0,1,54,0,2,0,True,False,False,False,False,3,0,0,0,0,0,0,0,0,0,0,0.2344736842105263,0.6451612903225806,0,0,0,0,0,0,0,0,0,0,0,0,1,0
0,0,6113.0,7.4,138.0,2,54,0,4,2,False,False,True,False,False,1,0,0,0,0,0,0,0,0,1,0,0.18506315789473685,0.3387096774193548,0,0,0,0,0,0,0,0,0,0,1,0,0,0
1,1,4423.0,23.5,162.0,2,54,0,2,0,True,False,False,False,False,1,0,0,0,1,0,0,0,0,0,0,0.04951578947368421,0.06451612903225806,0,0,0,0,0,0,0,0,0,1,0,0,0,0
1,0,2159.0,10.2,131.0,1,54,0,2,2,False,False,False,True,False,1,0,0,0,0,0,0,0,0,1,0,0.09430526315789474,0.2903225806451613,0,0,0,0,0,0,1,0,0,0,0,0,0,0
0,0,7312.0,17.3,252.0,1,54,0,0,1,False,False,False,True,False,3,0,0,0,0,0,0,0,0,0,0,0.3087263157894737,0.532258064516129,0,0,0,0,0,1,0,0,0,0,0,0,0,0
1,0,2881.0,11.2,45.0,2,54,0,2,2,False,False,True,False,False,1,0,0,0,1,0,0,0,0,0,0,0.5659368421052632,0.04838709677419355,0,0,0,0,0,0,0,0,0,0,0,1,0,0
1,0,2427.0,15.4,120.0,2,54,0,2,1,False,False,False,False,True,2,0,1,1,0,0,0,0,0,0,0,0.513421052631579,0.22580645161290322,0,0,0,0,0,0,0,0,0,0,0,1,0,0
0,1,2607.0,9.7,184.0,2,54,0,3,0,False,False,False,True,False,3,0,0,0,0,0,0,0,0,0,0,0.11922105263157895,0.04838709677419355,0,0,1,0,0,0,0,0,0,0,1,0,0,0
0,1,4022.0,5.1,88.0,2,54,0,0,0,False,False,True,False,False,3,0,0,0,0,0,0,0,0,0,0,0.23211578947368422,0.7903225806451613,0,0,0,0,0,0,0,0,1,0,0,0,0,0
0,0,7054.0,35.6,60.0,2,54,0,3,1,True,False,False,False,False,1,0,0,0,1,0,0,0,0,0,0,0.3075578947368421,0.0967741935483871,0,0,0,0,0,0,0,1,0,0,0,0,0,0
1,0,6029.0,34.1,86.0,2,54,0,3,1,False,False,False,True,False,2,0,1,1,0,0,0,0,0,0,0,0.18617894736842105,0.3548387096774194,0,0,0,0,0,0,1,0,0,0,0,0,0,0
0,0,4721.0,16.3,257.0,0,54,0,0,2,False,False,True,False,False,1,0,0,0,1,0,0,0,0,0,0,0.2852736842105263,0.46774193548387094,0,0,0,0,0,0,0,0,1,0,0,0,0,0
0,1,5871.0,10.7,219.0,3,54,0,0,0,False,False,True,False,False,1,0,0,0,0,0,1,0,0,0,0,0.07102105263157894,0.11290322580645161,0,0,1,0,0,1,0,0,0,0,0,0,0,0
0,0,3926.0,21.9,151.0,0,54,0,3,0,False,False,False,True,False,3,0,0,0,0,0,0,0,0,0,0,0.38286315789473685,0.016129032258064516,0,0,0,0,1,0,0,0,0,0,0,0,0,0
0,0,4829.0,20.8,379.0,1,54,0,0,0,False,False,True,False,False,1,0,0,0,0,0,0,0,0,1,0,0.2529578947368421,0.20967741935483872,0,0,0,0,0,0,0,0,0,0,0,0,0,1
1,0,3508.0,48.2,125.0,1,54,0,1,1,True,False,False,False,False,0,0,0,0,0,1,0,0,0,0,0,0.19153684210526314,0.3064516129032258,0,0,0,0,0,0,0,0,0,0,0,0,1,0
1,0,3933.0,22.9,335.0,2,53,0,1,1,False,False,False,True,False,0,0,0,0,0,1,0,0,0,0,0,0.29986315789473683,0.6129032258064516,0,0,0,0,0,0,0,0,0,0,0,1,0,0
1,0,2393.0,5.7,230.0,0,53,0,2,0,False,False,False,True,False,1,0,0,0,0,0,0,0,0,1,0,0.03773684210526316,0.06451612903225806,0,0,1,0,1,0,0,0,0,0,0,0,0,0
0,0,1380.0,50.099999999999994,31.0,1,53,0,2,0,False,False,True,False,False,0,0,0,0,0,1,0,0,0,0,0,0.23734736842105264,0.25806451612903225,0,0,0,0,0,0,0,0,0,0,0,0,1,0
0,1,6505.0,8.4,412.0,2,53,0,3,0,True,False,False,False,False,0,0,0,0,0,0,0,0,0,0,0,0.14962105263157896,0.5806451612903226,0,0,0,0,0,0,0,0,0,0,0,0,0,1
1,0,7196.0,16.8,151.0,1,53,0,2,1,True,False,False,False,False,0,0,0,0,0,0,0,0,0,0,0,0.058105263157894736,0.1774193548387097,0,0,0,1,0,0,0,0,0,0,0,0,0,0
1,0,4362.0,23.4,131.0,2,53,0,2,2,True,False,False,False,False,0,0,0,0,0,0,0,0,0,0,0,0.3178315789473684,0.3064516129032258,0,0,0,0,0,0,0,0,1,0,0,0,0,0
1,0,9911.0,11.2,311.0,1,53,0,3,2,False,True,False,False,False,1,0,0,0,0,0,0,0,0,0,1,0.11662105263157894,0.12903225806451613,0,0,1,0,0,0,0,0,0,0,0,0,0,1
0,0,5496.0,19.6,192.0,0,53,0,2,0,False,False,False,False,True,0,0,0,0,0,1,0,0,0,0,0,0.4375684210526316,0.5483870967741935,0,0,0,0,1,0,0,0,0,0,0,0,0,0
0,1,7300.0,12.9,274.0,1,53,0,1,0,False,True,False,False,False,1,0,0,0,1,0,0,0,0,0,0,0.08608421052631579,0.24193548387096775,0,0,0,0,0,1,0,0,0,0,0,0,0,0
1,1,8740.0,22.4,354.0,1,53,0,3,0,True,False,False,False,False,1,0,0,0,0,0,0,0,0,0,1,0.18225263157894736,0.6451612903225806,0,0,0,0,0,0,0,0,0,0,0,1,0,0
1,1,5569.0,39.4,89.0,3,53,0,1,0,False,False,False,True,False,0,0,0,0,0,1,0,0,0,0,0,0.2876421052631579,0.41935483870967744,0,0,0,0,0,0,0,0,1,0,0,0,0,0
0,1,6715.0,14.7,62.0,1,53,0,0,0,False,False,True,False,False,0,0,0,0,0,1,0,0,0,0,0,0.22806315789473683,0.04838709677419355,0,0,0,0,0,1,0,0,0,0,0,0,0,0
0,1,5761.0,28.1,48.0,3,53,0,2,2,False,False,False,False,True,0,0,0,0,0,1,0,0,0,0,0,0.30149473684210526,0.4032258064516129,0,0,0,0,0,0,0,0,0,1,0,0,0,0
0,0,4017.0,33.9,194.0,0,53,0,1,1,True,False,False,False,False,1,0,0,0,0,0,0,0,0,1,0,0.3982631578947368,0.45161290322580644,0,0,0,0,1,0,0,0,0,0,0,0,0,0
0,0,2338.0,13.1,69.0,1,53,0,1,2,False,True,False,False,False,3,0,0,0,0,0,0,0,0,0,0,0.24587368421052633,0.03225806451612903,0,0,0,1,0,0,0,0,0,0,0,0,0,0
1,0,3758.0,50.099999999999994,92.0,0,53,0,0,0,True,False,False,False,False,0,0,0,0,0,0,0,0,0,0,0,0.22501052631578947,0.532258064516129,0,0,0,1,0,0,0,0,0,0,0,0,0,0
1,0,3533.0,18.3,29.0,0,53,0,2,0,True,False,False,False,False,0,0,0,0,0,1,0,0,0,0,0,0.15158947368421052,0.6612903225806451,0,0,0,0,1,0,0,0,0,0,0,0,0,0
0,0,1285.0,43.0,83.0,1,53,0,1,1,True,False,False,False,False,1,0,0,0,0,0,1,0,0,0,0,0.20986315789473683,0.6935483870967742,0,0,0,0,0,0,0,0,0,0,0,0,1,0
0,0,4438.0,42.8,55.0,2,53,0,3,1,True,False,False,False,False,3,0,0,0,0,0,0,0,0,0,0,0.20197894736842106,0.4838709677419355,0,0,0,1,0,0,0,0,0,0,0,0,0,0
0,0,2858.0,13.2,178.0,1,53,0,1,2,False,False,True,False,False,1,0,0,0,0,0,1,0,0,0,0,0.5462105263157895,0.3548387096774194,0,0,0,0,0,0,0,0,0,1,0,0,0,0
1,0,6274.0,34.8,185.0,1,53,0,1,0,False,False,True,False,False,3,0,0,0,0,0,0,0,0,0,0,0.23850526315789475,0.4032258064516129,0,0,0,0,0,0,0,0,0,1,0,0,0,0
1,1,3447.0,20.0,105.0,2,53,0,2,0,True,False,False,False,False,1,0,0,0,0,0,0,0,0,1,0,0.2642421052631579,0.6612903225806451,0,0,0,0,0,0,1,0,0,0,0,0,0,0
1,1,4800.0,15.9,178.0,4,53,0,0,2,False,False,True,False,False,3,0,0,0,0,0,0,0,0,0,0,0.08458947368421052,0.3548387096774194,0,0,0,0,1,0,0,0,0,0,0,0,0,0
1,1,11375.0,18.1,106.0,3,53,0,0,2,True,False,False,False,False,3,0,0,0,0,0,0,0,0,0,0,0.19035789473684211,0.6935483870967742,0,0,0,0,0,0,0,0,0,0,1,0,0,0
0,0,3685.0,9.6,122.0,1,53,0,3,1,False,False,False,True,False,0,0,0,0,0,1,0,0,0,0,0,0.7160328947368421,0.11290322580645161,0,0,0,0,0,0,0,0,0,0,1,0,0,0
0,0,3351.0,24.7,144.0,1,53,0,2,0,False,False,False,False,True,1,0,0,0,0,0,0,0,0,1,0,0.5826105263157895,0.3870967741935484,0,0,0,0,0,0,0,0,0,1,0,0,0,0
0,1,4055.0,16.4,280.0,3,53,0,3,0,False,True,False,False,False,2,0,1,1,0,0,0,0,0,0,0,0.18530526315789475,0.5,0,0,0,0,0,0,0,1,0,0,0,0,0,0
1,0,1378.0,18.1,242.0,0,53,0,2,1,False,False,False,False,True,1,0,0,0,1,0,0,0,0,0,0,0.16477894736842105,0.16129032258064516,0,0,0,0,1,0,0,0,0,0,0,0,0,0
0,0,3008.0,15.9,53.0,1,53,0,1,0,True,False,False,False,False,2,0,1,1,0,0,0,0,0,0,0,0.6462105263157895,0.24193548387096775,0,0,0,1,0,0,0,0,0,0,0,0,0,0
0,0,3719.0,46.4,252.0,1,53,0,4,0,True,False,False,False,False,3,0,0,0,0,0,0,0,0,0,0,0.3959684210526316,0.7580645161290323,0,0,0,0,0,0,0,0,0,0,0,1,0,0
0,0,3150.0,8.2,236.0,0,52,0,1,0,False,False,True,False,False,1,0,0,0,0,0,0,0,0,0,1,0.11365263157894737,0.5,0,0,0,0,0,0,0,0,0,0,0,1,0,0
0,0,3625.0,9.1,166.0,0,52,0,2,0,True,False,False,False,False,1,0,0,0,1,0,0,0,0,0,0,0.4348315789473684,0.4032258064516129,0,0,0,0,0,0,0,0,1,0,0,0,0,0
0,0,11525.0,13.6,428.5,1,52,0,1,2,False,False,True,False,False,3,0,0,0,0,0,0,0,0,0,0,0.1888421052631579,0.3548387096774194,0,0,0,0,0,0,0,1,0,0,0,0,0,0
1,0,1903.0,9.9,190.0,0,52,0,2,0,False,False,True,False,False,1,0,0,0,0,0,1,0,0,0,0,0.09685263157894737,0.5806451612903226,0,0,0,0,0,0,0,1,0,0,0,0,0,0
1,0,5960.0,14.0,79.0,0,52,0,1,2,False,True,False,False,False,1,0,0,0,0,0,0,0,0,1,0,0.24385263157894738,0.3548387096774194,0,0,0,1,0,0,0,0,0,0,0,0,0,0
1,1,6775.0,48.9,359.0,2,52,0,3,0,False,False,False,True,False,3,0,0,0,0,0,0,0,0,0,0,0.1772421052631579,0.5,0,0,0,0,0,0,0,0,0,0,1,0,0,0
1,0,4012.0,50.099999999999994,346.0,1,52,0,2,2,True,False,False,False,False,1,0,0,0,0,0,0,0,0,1,0,0.7160328947368421,0.4838709677419355,0,0,0,0,0,0,0,0,0,0,1,0,0,0
1,0,8769.0,12.3,118.0,0,52,0,2,0,True,False,False,False,False,2,0,1,1,0,0,0,0,0,0,0,0.18723157894736842,0.06451612903225806,0,0,0,0,0,0,0,0,0,1,0,0,0,0
0,0,12503.0,34.4,233.0,0,52,0,2,2,False,False,False,True,False,1,0,0,0,1,0,0,0,0,0,0,0.1834421052631579,0.08064516129032258,0,0,1,0,0,0,0,0,0,0,0,0,1,0
1,0,1918.0,15.4,196.0,0,52,0,0,2,True,False,False,False,False,2,0,1,1,0,0,0,0,0,0,0,0.09087368421052631,0.45161290322580644,0,0,0,1,0,0,0,0,0,0,0,0,0,0
1,1,3626.0,16.5,70.0,3,52,0,3,0,True,False,False,False,False,1,0,0,0,0,0,0,0,0,0,1,0.5086315789473684,0.5806451612903226,0,0,0,0,0,0,1,0,0,0,0,0,0,0
0,1,2971.0,10.9,111.0,4,52,0,1,0,False,False,True,False,False,1,0,0,0,0,0,1,0,0,0,0,0.3957894736842105,0.24193548387096775,0,0,0,0,0,0,0,0,0,0,0,1,0,0
0,0,2387.0,21.9,327.0,1,52,0,3,2,False,False,False,True,False,1,0,0,0,1,0,0,0,0,0,0,0.24805263157894736,0.25806451612903225,0,0,0,1,0,0,0,0,0,0,0,0,0,0
0,0,7125.0,10.7,52.0,0,52,0,0,2,True,False,False,False,False,3,0,0,0,0,0,0,0,0,0,0,0.24287368421052632,0.7258064516129032,0,0,0,0,0,1,0,0,0,0,0,0,0,0
1,0,3613.0,22.0,125.0,0,52,0,2,0,True,False,False,False,False,1,0,0,0,0,0,0,0,0,1,0,0.30051578947368424,0.3387096774193548,0,0,0,0,0,0,0,0,0,1,0,0,0,0
0,0,3978.0,10.8,122.0,1,52,0,0,1,False,False,True,False,False,0,0,0,0,0,0,0,0,0,0,0,0.7160328947368421,0.03225806451612903,0,0,0,1,0,0,0,0,0,0,0,0,0,0
0,1,5166.0,24.2,308.0,2,52,0,0,0,True,False,False,False,False,1,0,0,0,1,0,0,0,0,0,0,0.13974736842105262,0.3387096774193548,0,0,0,0,0,0,0,0,0,0,0,0,1,0
0,1,8655.0,7.5,51.0,2,52,0,1,0,True,False,False,False,False,2,0,1,1,0,0,0,0,0,0,0,0.30366315789473686,0.46774193548387094,0,0,0,0,0,1,0,0,0,0,0,0,0,0
0,1,1854.0,41.2,91.0,4,52,0,1,1,False,False,True,False,False,1,0,0,0,1,0,0,0,0,0,0,0.7000736842105263,0.06451612903225806,0,0,0,0,0,0,0,0,0,0,0,0,1,0
1,0,2273.0,7.8,136.0,2,52,0,2,2,False,False,True,False,False,3,0,0,0,0,0,0,0,0,0,0,0.12027368421052631,0.7419354838709677,0,0,0,0,1,0,0,0,0,0,0,0,0,0
0,0,4869.0,30.7,165.0,0,52,0,0,2,True,False,False,False,False,1,0,0,0,0,0,0,0,0,1,0,0.24450526315789473,0.3387096774193548,0,0,0,0,0,0,0,1,0,0,0,0,0,0
1,1,7359.0,20.6,225.0,2,52,0,1,0,True,False,False,False,False,0,0,0,0,0,0,0,0,0,0,0,0.10894736842105263,0.7258064516129032,0,0,0,0,0,0,0,0,0,0,0,0,0,1
1,1,7342.0,5.1,304.0,3,52,0,1,1,True,False,False,False,False,1,0,0,0,0,0,0,0,0,0,1,0.21293684210526315,0.7903225806451613,0,0,0,0,1,0,0,0,0,0,0,0,0,0
1,0,7753.0,6.0,92.0,0,52,0,4,0,True,False,False,False,False,3,0,0,0,0,0,0,0,0,0,0,0.17721052631578948,0.11290322580645161,0,0,0,0,0,0,1,0,0,0,0,0,0,0
0,1,3070.0,10.1,175.0,2,52,0,0,0,True,False,False,False,False,1,0,0,0,0,0,0,0,0,1,0,0.4719473684210526,0.3225806451612903,0,0,0,0,0,0,0,0,0,0,0,0,1,0
0,0,1710.0,33.8,269.0,1,52,0,1,2,True,False,False,False,False,3,0,0,0,0,0,0,0,0,0,0,0.3201052631578947,0.3225806451612903,0,0,0,0,0,0,0,1,0,0,0,0,0,0
1,1,2728.0,15.3,166.0,2,52,0,0,0,True,False,False,False,False,0,0,0,0,0,1,0,0,0,0,0,0.15748421052631578,0.3225806451612903,0,0,0,0,0,0,0,0,0,0,0,0,0,1
0,1,7421.0,15.2,145.0,1,52,0,3,0,True,False,False,False,False,0,0,0,0,0,0,0,0,0,0,0,0.2780736842105263,0.7419354838709677,0,0,0,0,0,0,1,0,0,0,0,0,0,0
1,1,4434.0,36.4,139.0,2,52,0,1,0,False,False,False,False,True,3,0,0,0,0,0,0,0,0,0,0,0.13878947368421052,0.22580645161290322,0,0,0,0,0,0,0,0,0,0,1,0,0,0
0,0,3743.0,12.9,125.0,0,52,0,2,0,False,False,True,False,False,1,0,0,0,0,0,1,0,0,0,0,0.30328421052631577,0.03225806451612903,0,0,0,0,0,1,0,0,0,0,0,0,0,0
1,0,9341.0,28.0,120.0,1,51,0,3,0,False,False,False,True,False,2,0,1,1,0,0,0,0,0,0,0,0.4948842105263158,0.7580645161290323,0,0,0,0,0,0,1,0,0,0,0,0,0,0
1,0,5781.0,43.2,121.0,0,51,0,3,2,True,False,False,False,False,1,0,0,0,0,0,0,0,0,1,0,0.2836105263157895,0.12903225806451613,0,0,0,0,0,0,0,0,0,0,0,0,1,0
0,0,4951.0,12.1,327.0,0,51,0,2,1,False,False,False,True,False,3,0,0,0,0,0,0,0,0,0,0,0.30869473684210524,0.11290322580645161,0,0,1,0,0,0,0,0,1,0,0,0,0,0
0,0,11477.0,24.2,108.0,0,51,0,3,0,False,False,True,False,False,1,0,0,0,0,0,1,0,0,0,0,0.4150421052631579,0.3548387096774194,0,0,0,0,0,0,0,0,0,0,1,0,0,0
1,1,8789.0,26.0,212.0,2,51,0,2,0,False,False,False,True,False,2,0,1,1,0,0,0,0,0,0,0,0.2783052631578947,0.6129032258064516,0,0,0,0,0,0,0,0,0,0,0,1,0,0
0,0,3191.0,17.6,256.0,2,51,0,1,1,True,False,False,False,False,1,0,0,0,0,0,1,0,0,0,0,0.32196842105263157,0.20967741935483872,0,0,0,0,0,0,0,0,0,0,0,0,0,1
0,0,3855.0,30.2,150.0,0,51,0,1,1,False,False,True,False,False,3,0,0,0,0,0,0,0,0,0,0,0.12449473684210527,0.20967741935483872,0,0,0,0,0,0,0,0,0,0,0,1,0,0
0,1,3309.0,15.9,305.0,1,51,0,3,0,False,False,False,True,False,0,0,0,0,0,1,0,0,0,0,0,0.06283157894736842,0.3870967741935484,0,0,0,0,0,0,0,0,0,1,0,0,0,0
1,1,4202.0,12.1,156.0,3,51,0,0,1,True,False,False,False,False,1,0,0,0,0,0,0,0,0,1,0,0.33669473684210527,0.22580645161290322,0,0,0,1,0,0,0,0,0,0,0,0,0,0
1,0,944.0,11.6,281.0,0,51,0,3,2,True,False,False,False,False,0,0,0,0,0,1,0,0,0,0,0,0.3422842105263158,0.25806451612903225,0,0,0,0,0,0,1,0,0,0,0,0,0,0
1,0,5049.0,28.9,67.0,0,51,0,0,2,False,True,False,False,False,0,0,0,0,0,1,0,0,0,0,0,0.4818,0.0967741935483871,0,0,0,0,0,0,0,0,0,0,0,0,0,1
0,1,5290.0,12.9,70.0,2,51,0,3,0,False,True,False,False,False,3,0,0,0,0,0,0,0,0,0,0,0.10932631578947369,0.45161290322580644,0,0,0,0,0,0,0,0,0,0,0,0,0,1
1,0,4735.0,11.4,192.0,1,51,0,1,0,False,False,True,False,False,1,0,0,0,0,0,1,0,0,0,0,0.4518105263157895,0.8064516129032258,0,0,0,0,0,0,0,0,0,0,0,0,1,0
0,0,2744.0,8.1,20.0,0,51,0,3,1,False,False,True,False,False,3,0,0,0,0,0,0,0,0,0,0,0.08158947368421053,0.6129032258064516,0,0,0,0,1,0,0,0,0,0,0,0,0,0
0,1,5563.0,9.2,166.0,3,51,0,2,2,False,False,False,True,False,2,0,1,1,0,0,0,0,0,0,0,0.26989473684210524,0.06451612903225806,0,0,1,0,0,1,0,0,0,0,0,0,0,0
1,1,7485.0,23.5,109.0,2,51,0,2,0,True,False,False,False,False,3,0,0,0,0,0,0,0,0,0,0,0.14233684210526315,0.7580645161290323,0,0,0,0,0,0,0,0,0,1,0,0,0,0
0,0,6167.0,38.3,156.0,0,51,0,2,0,False,False,False,False,True,0,0,0,0,0,1,0,0,0,0,0,0.5666105263157895,0.7419354838709677,0,0,0,0,0,0,0,0,0,1,0,0,0,0
0,1,9541.0,18.4,147.0,1,51,0,0,0,False,False,False,True,False,1,0,0,0,0,0,1,0,0,0,0,0.06916842105263157,0.6290322580645161,0,0,0,0,0,1,0,0,0,0,0,0,0,0
1,0,1690.0,30.9,46.0,1,51,0,2,2,True,False,False,False,False,1,0,0,0,0,0,1,0,0,0,0,0.42117894736842104,0.6774193548387096,0,0,0,0,0,0,0,0,1,0,0,0,0,0
1,0,4996.0,15.9,103.0,0,51,0,3,2,True,False,False,False,False,3,0,0,0,0,0,0,0,0,0,0,0.025210526315789475,0.04838709677419355,0,0,0,0,0,0,0,0,1,0,0,0,0,0
1,0,8151.0,16.4,278.0,0,51,0,3,2,True,False,False,False,False,1,0,0,0,1,0,0,0,0,0,0,0.18683157894736843,0.3064516129032258,0,0,0,0,0,0,0,0,0,0,1,0,0,0
0,0,7796.0,17.0,166.0,0,51,0,0,0,True,False,False,False,False,0,0,0,0,0,0,0,0,0,0,0,0.16329473684210527,0.1774193548387097,0,0,0,0,0,0,0,0,0,0,1,0,0,0
1,1,10223.0,5.8,334.0,1,51,1,3,1,True,False,False,False,False,1,0,0,0,1,0,0,0,0,0,0,0.03361052631578947,0.4838709677419355,0,0,0,0,1,0,0,0,0,0,0,0,0,0
1,1,3320.0,9.9,47.0,3,51,0,2,0,False,False,False,True,False,0,0,0,0,0,1,0,0,0,0,0,0.28926315789473683,0.5806451612903226,0,0,0,0,0,0,0,0,1,0,0,0,0,0
1,0,8147.0,33.0,96.0,1,51,0,0,2,False,False,False,True,False,0,0,0,0,0,1,0,0,0,0,0,0.3894736842105263,0.25806451612903225,0,0,0,0,0,0,0,0,0,0,0,1,0,0
1,0,8427.0,14.4,157.0,1,51,0,1,0,True,False,False,False,False,1,0,0,0,0,0,1,0,0,0,0,0.7160328947368421,0.03225806451612903,0,0,0,0,0,0,0,0,0,1,0,0,0,0
1,0,4074.0,16.0,126.0,1,51,0,2,2,True,False,False,False,False,1,0,0,0,0,0,1,0,0,0,0,0.4699684210526316,0.16129032258064516,0,0,0,0,0,0,0,0,0,0,0,1,0,0
